timestamp,RPM,SPEED,THROTTLE_POS,MAF,ENGINE_LOAD,INTAKE_PRESSURE,SHORT_FUEL_TRIM_1,SHORT_FUEL_TRIM_2,LONG_FUEL_TRIM_1,LONG_FUEL_TRIM_2,driving_style,Fuel consumed,Fuel Efficiency (L/100KM),Route,Distance
2025-09-09T11:52:23.231064,740,0,12.15686275,3.42,1.568627451,26,0.78125,0.78125,16.40625,2.34375,idle,0.336,12,Route A,2.8
2025-09-09T11:52:25.717949,753.5,0,12.15686275,3.36,1.568627451,26,3.90625,5.46875,15.625,1.5625,idle,0.336,12,Route A,2.8
2025-09-09T11:52:27.088097,971.75,0,18.03921569,15.84,1.568627451,26,3.90625,5.46875,15.625,1.5625,idle,0.336,12,Route A,2.8
2025-09-09T11:52:27.743123,971.75,0,18.03921569,15.84,1.568627451,26,3.90625,5.46875,15.625,1.5625,idle,0.336,12,Route A,2.8
2025-09-09T11:52:28.398243,1371.5,13,23.92156863,31.9,16.47058824,86,3.90625,5.46875,15.625,1.5625,idle,0.336,12,Route A,2.8
2025-09-09T11:52:29.237572,1371.5,13,23.92156863,31.9,16.47058824,86,3.90625,5.46875,15.625,1.5625,Aggressive,0.336,12,Route A,2.8
2025-09-09T11:52:29.890309,3401,30,30.58823529,65.66,16.47058824,86,3.90625,5.46875,15.625,1.5625,Aggressive,0.336,12,Route A,2.8
2025-09-09T11:52:30.545217,3401,30,30.58823529,65.66,16.47058824,86,3.90625,5.46875,15.625,1.5625,Aggressive,0.336,12,Route A,2.8
2025-09-09T11:52:31.197181,2739.75,36,25.88235294,50.26,27.84313725,85,3.90625,5.46875,15.625,1.5625,Aggressive,0.336,12,Route A,2.8
2025-09-09T11:52:32.031955,2739.75,36,25.88235294,50.26,27.84313725,85,3.90625,5.46875,15.625,1.5625,Aggressive,0.336,12,Route A,2.8
2025-09-09T11:52:32.685111,3643,49,25.09803922,35.32,27.84313725,85,-0.78125,0,4.6875,3.125,Aggressive,0.336,12,Route A,2.8
2025-09-09T11:52:33.894101,3643,49,25.09803922,35.32,27.84313725,85,-0.78125,0,4.6875,3.125,Aggressive,0.336,12,Route A,2.8
2025-09-09T11:52:34.549183,3003.25,54,34.50980392,63.97,32.54901961,91,-0.78125,0,4.6875,3.125,Aggressive,0.336,12,Route A,2.8
2025-09-09T11:52:35.380240,3003.25,54,34.50980392,63.97,32.54901961,91,-0.78125,0,4.6875,3.125,Aggressive,0.336,12,Route A,2.8
2025-09-09T11:52:36.035337,3448.5,62,16.8627451,14.28,32.54901961,91,-0.78125,0,4.6875,3.125,Aggressive,0.336,12,Route A,2.8
2025-09-09T11:52:36.690362,3448.5,62,16.8627451,14.28,32.54901961,91,-0.78125,0,4.6875,3.125,Aggressive,0.336,12,Route A,2.8
2025-09-09T11:52:37.345393,2573.5,59,14.90196078,10.41,5.098039216,21,-0.78125,0,4.6875,3.125,Aggressive,0.336,12,Route A,2.8
2025-09-09T11:52:38.197395,2573.5,59,14.90196078,10.41,5.098039216,21,-0.78125,0,4.6875,3.125,Aggressive,0.336,12,Route A,2.8
2025-09-09T11:52:38.852466,2337.75,54,14.50980392,9.31,5.098039216,21,0,0,2.34375,1.5625,Aggressive,0.336,12,Route A,2.8
2025-09-09T11:52:39.958213,2337.75,54,14.50980392,9.31,5.098039216,21,0,0,2.34375,1.5625,Passive,0.336,12,Route A,2.8
2025-09-09T11:52:40.613296,2170,50,18.03921569,18.65,11.76470588,50,0,0,2.34375,1.5625,Passive,0.336,12,Route A,2.8
2025-09-09T11:52:41.514201,2170,50,18.03921569,18.65,11.76470588,50,0,0,2.34375,1.5625,Passive,0.336,12,Route A,2.8
2025-09-09T11:52:42.169299,2194.25,51,20.39215686,27.02,11.76470588,50,0,0,2.34375,1.5625,Passive,0.336,12,Route A,2.8
2025-09-09T11:52:42.821183,2194.25,51,20.39215686,27.02,11.76470588,50,0,0,2.34375,1.5625,Passive,0.336,12,Route A,2.8
2025-09-09T11:52:43.476280,2210.75,51,15.29411765,11.1,5.490196078,26,0,0,2.34375,1.5625,Passive,0.336,12,Route A,2.8
2025-09-09T11:52:44.310778,2210.75,51,15.29411765,11.1,5.490196078,26,0,0,2.34375,1.5625,Passive,0.336,12,Route A,2.8
2025-09-09T11:52:44.961651,2153,50,16.47058824,13.92,5.490196078,26,3.125,0.78125,2.34375,0.78125,Passive,0.336,12,Route A,2.8
2025-09-09T11:52:46.595735,2116,49,18.82352941,22.36,9.803921569,42,3.125,0.78125,2.34375,0.78125,Passive,0.336,12,Route A,2.8
2025-09-09T11:52:47.535877,2116,49,18.82352941,22.36,9.803921569,42,3.125,0.78125,2.34375,0.78125,Passive,0.336,12,Route A,2.8
2025-09-09T11:52:48.190965,2136,49,15.68627451,11.65,9.803921569,42,3.125,0.78125,2.34375,0.78125,Passive,0.336,12,Route A,2.8
2025-09-09T11:52:48.846046,2136,49,15.68627451,11.65,9.803921569,42,3.125,0.78125,2.34375,0.78125,Passive,0.336,12,Route A,2.8
2025-09-09T11:52:49.497652,2051.75,48,14.90196078,9.9,4.705882353,24,3.125,0.78125,2.34375,0.78125,Passive,0.336,12,Route A,2.8
2025-09-09T11:52:50.489269,2051.75,48,14.90196078,9.9,4.705882353,24,3.125,0.78125,2.34375,0.78125,Passive,0.336,12,Route A,2.8
2025-09-09T11:52:51.144335,1954.75,45,16.8627451,16.81,4.705882353,24,3.90625,0.78125,2.34375,0,Passive,0.336,12,Route A,2.8
2025-09-09T11:52:52.258074,1954.75,45,16.8627451,16.81,4.705882353,24,3.90625,0.78125,2.34375,0,Passive,0.336,12,Route A,2.8
2025-09-09T11:52:52.913156,1934,45,20.39215686,27.29,13.33333333,61,3.90625,0.78125,2.34375,0,Passive,0.336,12,Route A,2.8
2025-09-09T11:52:54.173743,1934,45,20.39215686,27.29,13.33333333,61,3.90625,0.78125,2.34375,0,Passive,0.336,12,Route A,2.8
2025-09-09T11:52:54.828123,2006,46,16.07843137,12.74,13.33333333,61,3.90625,0.78125,2.34375,0,Passive,0.336,12,Route A,2.8
2025-09-09T11:52:55.478194,2006,46,16.07843137,12.74,13.33333333,61,3.90625,0.78125,2.34375,0,Passive,0.336,12,Route A,2.8
2025-09-09T11:52:56.132804,1947.25,45,15.68627451,12.12,5.490196078,23,3.90625,0.78125,2.34375,0,Passive,0.336,12,Route A,2.8
2025-09-09T11:52:56.971134,1947.25,45,15.68627451,12.12,5.490196078,23,3.90625,0.78125,2.34375,0,Passive,0.336,12,Route A,2.8
2025-09-09T11:52:57.621615,1832,42,14.11764706,7.91,5.490196078,23,0,0,2.34375,0,Passive,0.336,12,Route A,2.8
2025-09-09T11:52:58.830082,2121.5,37,14.11764706,8.12,3.921568627,23,0,0,2.34375,0,Passive,0.336,12,Route A,2.8
2025-09-09T11:52:59.829865,2121.5,37,14.11764706,8.12,3.921568627,23,0,0,2.34375,0,Passive,0.336,12,Route A,2.8
2025-09-09T11:53:00.480000,1351.5,23,12.94117647,5.38,3.921568627,23,0,0,2.34375,0,Passive,0.336,12,Route A,2.8
2025-09-09T11:53:01.135079,1351.5,23,12.94117647,5.38,3.921568627,23,0,0,2.34375,0,Passive,0.336,12,Route A,2.8
2025-09-09T11:53:01.786545,1093,14,14.50980392,9.96,7.450980392,57,0,0,2.34375,0,Passive,0.336,12,Route A,2.8
2025-09-09T11:53:02.621546,1093,14,14.50980392,9.96,7.450980392,57,0,0,2.34375,0,Passive,0.336,12,Route A,2.8
2025-09-09T11:53:03.275364,1201.75,17,20.39215686,24.06,7.450980392,57,2.34375,6.25,3.125,0,Passive,0.336,12,Route A,2.8
2025-09-09T11:53:04.386230,1201.75,17,20.39215686,24.06,7.450980392,57,2.34375,6.25,3.125,0,Passive,0.336,12,Route A,2.8
2025-09-09T11:53:05.041317,2183.5,29,25.09803922,39.01,16.8627451,62,2.34375,6.25,3.125,0,Passive,0.336,12,Route A,2.8
2025-09-09T11:53:05.882233,2183.5,29,25.09803922,39.01,16.8627451,62,2.34375,6.25,3.125,0,Passive,0.336,12,Route A,2.8
2025-09-09T11:53:06.537286,1993.5,33,21.56862745,32.72,16.8627451,62,2.34375,6.25,3.125,0,Passive,0.336,12,Route A,2.8
2025-09-09T11:53:07.190776,1993.5,33,21.56862745,32.72,16.8627451,62,2.34375,6.25,3.125,0,Passive,0.336,12,Route A,2.8
2025-09-09T11:53:07.843681,2238,40,29.01960784,44.75,22.74509804,87,2.34375,6.25,3.125,0,Passive,0.336,12,Route A,2.8
2025-09-09T11:53:08.681364,2238,40,29.01960784,44.75,22.74509804,87,2.34375,6.25,3.125,0,Passive,0.336,12,Route A,2.8
2025-09-09T11:53:09.336377,2622.75,47,15.29411765,11.31,22.74509804,87,0,0,2.34375,2.34375,Passive,0.336,12,Route A,2.8
2025-09-09T11:53:10.510043,2622.75,47,15.29411765,11.31,22.74509804,87,0,0,2.34375,2.34375,Passive,0.336,12,Route A,2.8
2025-09-09T11:53:11.162752,2029,47,21.17647059,22.84,10.19607843,48,0,0,2.34375,2.34375,Passive,0.336,12,Route A,2.8
2025-09-09T11:53:12.231962,2029,47,21.17647059,22.84,10.19607843,48,0,0,2.34375,2.34375,Passive,0.336,12,Route A,2.8
2025-09-09T11:53:12.885908,2076.75,48,15.68627451,11.64,10.19607843,48,0,0,2.34375,2.34375,Passive,0.336,12,Route A,2.8
2025-09-09T11:53:13.540816,2076.75,48,15.68627451,11.64,10.19607843,48,0,0,2.34375,2.34375,Passive,0.336,12,Route A,2.8
2025-09-09T11:53:14.193872,2026,47,15.29411765,12.16,6.274509804,32,0,0,2.34375,2.34375,Passive,0.336,12,Route A,2.8
2025-09-09T11:53:15.061651,2026,47,15.29411765,12.16,6.274509804,32,0,0,2.34375,2.34375,Passive,0.336,12,Route A,2.8
2025-09-09T11:53:15.716745,2014.5,47,17.64705882,17.21,6.274509804,32,0.78125,0,2.34375,0.78125,Passive,0.336,12,Route A,2.8
2025-09-09T11:53:16.854711,2014.5,47,17.64705882,17.21,6.274509804,32,0.78125,0,2.34375,0.78125,Passive,0.336,12,Route A,2.8
2025-09-09T11:53:17.509798,1759.5,47,14.11764706,8.16,3.921568627,31,0.78125,0,2.34375,0.78125,Passive,0.336,12,Route A,2.8
2025-09-09T11:53:18.349686,1759.5,47,14.11764706,8.16,3.921568627,31,0.78125,0,2.34375,0.78125,Passive,0.336,12,Route A,2.8
2025-09-09T11:53:19.003280,1465.25,47,19.60784314,22.62,3.921568627,31,0.78125,0,2.34375,0.78125,Passive,0.336,12,Route A,2.8
2025-09-09T11:53:19.658353,1465.25,47,19.60784314,22.62,3.921568627,31,0.78125,0,2.34375,0.78125,Passive,0.336,12,Route A,2.8
2025-09-09T11:53:20.311002,1568,50,15.29411765,10.65,5.490196078,33,0.78125,0,2.34375,0.78125,Passive,0.336,12,Route A,2.8
2025-09-09T11:53:21.150463,1568,50,15.29411765,10.65,5.490196078,33,0.78125,0,2.34375,0.78125,Passive,0.336,12,Route A,2.8
2025-09-09T11:53:21.804899,1594.75,51,16.07843137,12.64,5.490196078,33,3.90625,0.78125,2.34375,-0.78125,Passive,0.336,12,Route A,2.8
2025-09-09T11:53:22.923170,1594.75,51,16.07843137,12.64,5.490196078,33,3.90625,0.78125,2.34375,-0.78125,Passive,0.336,12,Route A,2.8
2025-09-09T11:53:23.578254,1637.75,53,13.7254902,6.82,3.529411765,22,3.90625,0.78125,2.34375,-0.78125,Passive,0.336,12,Route A,2.8
2025-09-09T11:53:24.413618,1637.75,53,13.7254902,6.82,3.529411765,22,3.90625,0.78125,2.34375,-0.78125,Passive,0.336,12,Route A,2.8
2025-09-09T11:53:25.064568,1591.75,51,13.7254902,6.77,3.529411765,22,3.90625,0.78125,2.34375,-0.78125,Passive,0.336,12,Route A,2.8
2025-09-09T11:53:25.719651,1591.75,51,13.7254902,6.77,3.529411765,22,3.90625,0.78125,2.34375,-0.78125,Passive,0.336,12,Route A,2.8
2025-09-09T11:53:26.372503,1469.25,47,13.33333333,5.99,2.745098039,22,3.90625,0.78125,2.34375,-0.78125,Passive,0.336,12,Route A,2.8
2025-09-09T11:53:27.214194,1469.25,47,13.33333333,5.99,2.745098039,22,3.90625,0.78125,2.34375,-0.78125,Passive,0.336,12,Route A,2.8
2025-09-09T11:53:27.869312,1239.75,39,12.54901961,4.79,2.745098039,22,0,0,5.46875,0,Passive,0.336,12,Route A,2.8
2025-09-09T11:53:28.978896,1239.75,39,12.54901961,4.79,2.745098039,22,0,0,5.46875,0,Passive,0.336,12,Route A,2.8
2025-09-09T11:53:29.631380,825.5,27,12.15686275,3.5,1.960784314,27,0,0,5.46875,0,Passive,0.336,12,Route A,2.8
2025-09-09T11:53:30.474135,825.5,27,12.15686275,3.5,1.960784314,27,0,0,5.46875,0,Passive,0.336,12,Route A,2.8
2025-09-09T11:53:31.129225,825.5,17,12.15686275,3.7,1.960784314,27,0,0,5.46875,0,Passive,0.336,12,Route A,2.8
2025-09-09T11:53:31.784318,825.5,17,12.15686275,3.7,1.960784314,27,0,0,5.46875,0,Passive,0.336,12,Route A,2.8
2025-09-09T11:53:32.434844,750.75,6,12.15686275,3.93,1.960784314,27,0,0,5.46875,0,Passive,0.336,12,Route A,2.8
2025-09-09T11:53:33.286710,750.75,6,12.15686275,3.93,1.960784314,27,0,0,5.46875,0,Passive,0.336,12,Route A,2.8
2025-09-09T11:53:33.940283,633,3,18.82352941,16.52,1.960784314,27,-10.15625,0.78125,10.15625,0.78125,Passive,0.336,12,Route A,2.8
2025-09-09T11:53:35.068165,633,3,18.82352941,16.52,1.960784314,27,-10.15625,0.78125,10.15625,0.78125,Passive,0.336,12,Route A,2.8
2025-09-09T11:53:35.721448,1564.25,14,21.56862745,29.03,14.50980392,68,-10.15625,0.78125,10.15625,0.78125,Passive,0.336,12,Route A,2.8
2025-09-09T11:53:36.551262,1564.25,14,21.56862745,29.03,14.50980392,68,-10.15625,0.78125,10.15625,0.78125,Passive,0.336,12,Route A,2.8
2025-09-09T11:53:37.204066,2424.75,21,15.29411765,25.66,12.94117647,68,-10.15625,0.78125,10.15625,0.78125,Passive,0.336,12,Route A,2.8
2025-09-09T11:53:38.972640,2424.75,21,15.29411765,25.66,12.94117647,68,-10.15625,0.78125,10.15625,0.78125,Passive,0.336,12,Route A,2.8
2025-09-09T11:53:39.624580,2027,27,21.56862745,30.08,12.94117647,68,0,5.46875,3.125,3.125,Passive,0.336,12,Route A,2.8
2025-09-09T11:53:40.922177,2373.25,32,21.17647059,28.58,11.76470588,47,0,5.46875,3.125,3.125,Passive,0.336,12,Route A,2.8
2025-09-09T11:53:41.869686,2373.25,32,21.17647059,28.58,11.76470588,47,0,5.46875,3.125,3.125,Passive,0.336,12,Route A,2.8
2025-09-09T11:53:42.524713,1850.5,32,16.07843137,13.18,11.76470588,47,0,5.46875,3.125,3.125,Passive,0.336,12,Route A,2.8
2025-09-09T11:53:43.179789,1850.5,32,16.07843137,13.18,11.76470588,47,0,5.46875,3.125,3.125,Passive,0.336,12,Route A,2.8
2025-09-09T11:53:43.834873,1798,32,18.82352941,21.18,10.58823529,52,0,5.46875,3.125,3.125,Passive,0.336,12,Route A,2.8
2025-09-09T11:53:44.682246,1798,32,18.82352941,21.18,10.58823529,52,0,5.46875,3.125,3.125,Passive,0.336,12,Route A,2.8
2025-09-09T11:53:45.337320,1968,35,19.21568627,22.6,10.58823529,52,0,5.46875,3.125,3.125,Passive,0.336,12,Route A,2.8
2025-09-09T11:53:45.992366,1968,35,19.21568627,22.6,10.58823529,52,0.78125,-0.78125,1.5625,2.34375,Passive,0.336,12,Route A,2.8
2025-09-09T11:53:46.643249,2139.75,38,19.21568627,23.9,11.76470588,50,0.78125,-0.78125,1.5625,2.34375,Passive,0.336,12,Route A,2.8
2025-09-09T11:53:47.470927,2139.75,38,19.21568627,23.9,11.76470588,50,0.78125,-0.78125,1.5625,2.34375,Passive,0.336,12,Route A,2.8
2025-09-09T11:53:48.122512,2310.5,41,16.47058824,11.1,11.76470588,50,0.78125,-0.78125,1.5625,2.34375,Passive,0.336,12,Route A,2.8
2025-09-09T11:53:48.777593,2310.5,41,16.47058824,11.1,11.76470588,50,0.78125,-0.78125,1.5625,2.34375,Passive,0.336,12,Route A,2.8
2025-09-09T11:53:49.432703,1781.25,41,15.29411765,11.37,5.882352941,31,0.78125,-0.78125,1.5625,2.34375,Passive,0.336,12,Route A,2.8
2025-09-09T11:53:50.263486,1781.25,41,15.29411765,11.37,5.882352941,31,0.78125,-0.78125,1.5625,2.34375,Passive,0.336,12,Route A,2.8
2025-09-09T11:53:50.918617,1779,41,15.68627451,12.25,5.882352941,31,0.78125,-0.78125,1.5625,2.34375,Passive,0.336,12,Route A,2.8
2025-09-09T11:53:51.573719,1779,41,15.68627451,12.25,5.882352941,31,2.34375,-2.34375,2.34375,1.5625,Passive,0.336,12,Route A,2.8
2025-09-09T11:53:52.224946,1819.5,42,17.25490196,16.55,6.274509804,32,2.34375,-2.34375,2.34375,1.5625,Passive,0.336,12,Route A,2.8
2025-09-09T11:53:53.065028,1819.5,42,17.25490196,16.55,6.274509804,32,2.34375,-2.34375,2.34375,1.5625,Passive,0.336,12,Route A,2.8
2025-09-09T11:53:53.715223,1818.25,41,13.7254902,7.25,6.274509804,32,2.34375,-2.34375,2.34375,1.5625,Passive,0.336,12,Route A,2.8
2025-09-09T11:53:54.370263,1818.25,41,13.7254902,7.25,6.274509804,32,2.34375,-2.34375,2.34375,1.5625,Passive,0.336,12,Route A,2.8
2025-09-09T11:53:55.021655,1675.25,39,13.7254902,7.51,3.529411765,23,2.34375,-2.34375,2.34375,1.5625,Passive,0.336,12,Route A,2.8
2025-09-09T11:53:55.851729,1675.25,39,13.7254902,7.51,3.529411765,23,2.34375,-2.34375,2.34375,1.5625,Passive,0.336,12,Route A,2.8
2025-09-09T11:53:56.502542,1593.5,37,14.50980392,8.73,3.529411765,23,2.34375,-2.34375,2.34375,1.5625,Passive,0.336,12,Route A,2.8
2025-09-09T11:53:57.157640,1593.5,37,14.50980392,8.73,3.529411765,23,5.46875,3.125,4.6875,-0.78125,Passive,0.336,12,Route A,2.8
2025-09-09T11:53:57.810334,1547.25,36,14.11764706,7.73,3.921568627,27,5.46875,3.125,4.6875,-0.78125,Passive,0.336,12,Route A,2.8
2025-09-09T11:53:58.644816,1547.25,36,14.11764706,7.73,3.921568627,27,5.46875,3.125,4.6875,-0.78125,Passive,0.336,12,Route A,2.8
2025-09-09T11:53:59.299878,1891.75,32,14.90196078,10.17,3.921568627,27,5.46875,3.125,4.6875,-0.78125,Passive,0.336,12,Route A,2.8
2025-09-09T11:53:59.954922,1891.75,32,14.90196078,10.17,3.921568627,27,5.46875,3.125,4.6875,-0.78125,Passive,0.336,12,Route A,2.8
2025-09-09T11:54:00.610016,1795,32,16.07843137,12.83,6.274509804,33,5.46875,3.125,4.6875,-0.78125,Passive,0.336,12,Route A,2.8
2025-09-09T11:54:01.441174,1795,32,16.07843137,12.83,6.274509804,33,5.46875,3.125,4.6875,-0.78125,Passive,0.336,12,Route A,2.8
2025-09-09T11:54:02.093587,1766,31,15.29411765,11.28,6.274509804,33,5.46875,3.125,4.6875,-0.78125,Passive,0.336,12,Route A,2.8
2025-09-09T11:54:02.748678,1766,31,15.29411765,11.28,6.274509804,33,3.125,2.34375,3.125,-0.78125,Passive,0.336,12,Route A,2.8
2025-09-09T11:54:03.402428,1739.25,31,17.64705882,20.52,10.19607843,48,3.125,2.34375,3.125,-0.78125,Passive,0.336,12,Route A,2.8
2025-09-09T11:54:05.718490,1739.25,31,17.64705882,20.52,10.19607843,48,3.125,2.34375,3.125,-0.78125,Passive,0.336,12,Route A,2.8
2025-09-09T11:54:06.370398,2006.5,36,18.82352941,21.13,10.19607843,48,3.125,2.34375,3.125,-0.78125,Passive,0.336,12,Route A,2.8
2025-09-09T11:54:07.021002,2006.5,36,18.82352941,21.13,10.19607843,48,3.125,2.34375,3.125,-0.78125,Passive,0.336,12,Route A,2.8
2025-09-09T11:54:07.676285,1663.25,36,15.29411765,10.87,5.882352941,36,-3.90625,-17.96875,2.34375,0,Passive,0.336,12,Route A,2.8
2025-09-09T11:54:09.058365,1571.5,37,18.03921569,18.03,5.882352941,36,-3.90625,-17.96875,2.34375,0,Passive,0.336,12,Route A,2.8
2025-09-09T11:54:09.713453,1571.5,37,18.03921569,18.03,5.882352941,36,-3.90625,-17.96875,2.34375,0,Passive,0.336,12,Route A,2.8
2025-09-09T11:54:10.364871,1653.5,38,16.8627451,15.43,7.450980392,39,-3.90625,-17.96875,2.34375,0,Passive,0.336,12,Route A,2.8
2025-09-09T11:54:11.207346,1653.5,38,16.8627451,15.43,7.450980392,39,-3.90625,-17.96875,2.34375,0,Passive,0.336,12,Route A,2.8
2025-09-09T11:54:11.860109,1679.5,39,16.07843137,11.9,7.450980392,39,-3.90625,-17.96875,2.34375,0,Passive,0.336,12,Route A,2.8
2025-09-09T11:54:12.514092,1679.5,39,16.07843137,11.9,7.450980392,39,-3.90625,-17.96875,2.34375,0,Passive,0.336,12,Route A,2.8
2025-09-09T11:54:13.169017,1701.5,40,17.64705882,16.79,8.62745098,42,-3.90625,-17.96875,2.34375,0,Passive,0.336,12,Route A,2.8
2025-09-09T11:54:14.025063,1701.5,40,17.64705882,16.79,8.62745098,42,-3.90625,-17.96875,2.34375,0,Passive,0.336,12,Route A,2.8
2025-09-09T11:54:14.679259,1725.25,40,17.25490196,16.49,8.62745098,42,0.78125,2.34375,3.125,0.78125,Passive,0.336,12,Route A,2.8
2025-09-09T11:54:15.780898,1725.25,40,17.25490196,16.49,8.62745098,42,0.78125,2.34375,3.125,0.78125,Passive,0.336,12,Route A,2.8
2025-09-09T11:54:16.435975,1737.25,39,13.7254902,7.08,3.921568627,21,0.78125,2.34375,3.125,0.78125,Passive,0.336,12,Route A,2.8
2025-09-09T11:54:17.359717,1737.25,39,13.7254902,7.08,3.921568627,21,0.78125,2.34375,3.125,0.78125,Passive,0.336,12,Route A,2.8
2025-09-09T11:54:18.012454,1999.75,35,14.90196078,9.85,3.921568627,21,0.78125,2.34375,3.125,0.78125,Passive,0.336,12,Route A,2.8
2025-09-09T11:54:18.662611,1999.75,35,14.90196078,9.85,3.921568627,21,0.78125,2.34375,3.125,0.78125,Passive,0.336,12,Route A,2.8
2025-09-09T11:54:19.315130,1929.5,34,14.90196078,9.7,4.705882353,25,0.78125,2.34375,3.125,0.78125,Passive,0.336,12,Route A,2.8
2025-09-09T11:54:20.142071,1929.5,34,14.90196078,9.7,4.705882353,25,0.78125,2.34375,3.125,0.78125,Passive,0.336,12,Route A,2.8
2025-09-09T11:54:20.796273,1890.25,34,16.07843137,12.76,4.705882353,25,5.46875,3.90625,3.125,0.78125,Passive,0.336,12,Route A,2.8
2025-09-09T11:54:21.905775,1890.25,34,16.07843137,12.76,4.705882353,25,5.46875,3.90625,3.125,0.78125,Passive,0.336,12,Route A,2.8
2025-09-09T11:54:22.559935,1989.75,35,16.47058824,14.26,7.058823529,34,5.46875,3.90625,3.125,0.78125,Passive,0.336,12,Route A,2.8
2025-09-09T11:54:23.389148,1989.75,35,16.47058824,14.26,7.058823529,34,5.46875,3.90625,3.125,0.78125,Passive,0.336,12,Route A,2.8
2025-09-09T11:54:24.044216,2053,37,15.68627451,12.03,7.058823529,34,5.46875,3.90625,3.125,0.78125,Passive,0.336,12,Route A,2.8
2025-09-09T11:54:24.699275,2053,37,15.68627451,12.03,7.058823529,34,5.46875,3.90625,3.125,0.78125,Passive,0.336,12,Route A,2.8
2025-09-09T11:54:25.351563,2072.25,37,14.50980392,9.29,4.705882353,23,5.46875,3.90625,3.125,0.78125,Passive,0.336,12,Route A,2.8
2025-09-09T11:54:26.178401,2072.25,37,14.50980392,9.29,4.705882353,23,5.46875,3.90625,3.125,0.78125,Passive,0.336,12,Route A,2.8
2025-09-09T11:54:26.833313,2060.5,37,14.90196078,9.48,4.705882353,23,2.34375,1.5625,4.6875,0.78125,Passive,0.336,12,Route A,2.8
2025-09-09T11:54:27.954369,2060.5,37,14.90196078,9.48,4.705882353,23,2.34375,1.5625,4.6875,0.78125,Passive,0.336,12,Route A,2.8
2025-09-09T11:54:28.604660,2069.25,37,14.90196078,9.53,4.705882353,23,2.34375,1.5625,4.6875,0.78125,Passive,0.336,12,Route A,2.8
2025-09-09T11:54:29.440347,2069.25,37,14.90196078,9.53,4.705882353,23,2.34375,1.5625,4.6875,0.78125,Passive,0.336,12,Route A,2.8
2025-09-09T11:54:30.092638,2077.5,37,14.50980392,8.9,4.705882353,23,2.34375,1.5625,4.6875,0.78125,Passive,0.336,12,Route A,2.8
2025-09-09T11:54:30.929012,2077.5,37,14.50980392,8.9,4.705882353,23,2.34375,1.5625,4.6875,0.78125,Passive,0.336,12,Route A,2.8
2025-09-09T11:54:31.579696,2066.5,36,14.11764706,8.46,4.31372549,22,2.34375,1.5625,4.6875,0.78125,Passive,0.336,12,Route A,2.8
2025-09-09T11:54:32.499123,2066.5,36,14.11764706,8.46,4.31372549,22,2.34375,1.5625,4.6875,0.78125,Passive,0.336,12,Route A,2.8
2025-09-09T11:54:33.154162,1916.25,33,15.29411765,10.85,4.31372549,22,0,1.5625,3.125,-0.78125,Passive,0.336,12,Route A,2.8
2025-09-09T11:54:34.256012,1916.25,33,15.29411765,10.85,4.31372549,22,0,1.5625,3.125,-0.78125,Passive,0.336,12,Route A,2.8
2025-09-09T11:54:34.911101,2002.5,36,18.43137255,20.49,10.58823529,45,0,1.5625,3.125,-0.78125,Passive,0.336,12,Route A,2.8
2025-09-09T11:54:35.747599,2002.5,36,18.43137255,20.49,10.58823529,45,0,1.5625,3.125,-0.78125,Passive,0.336,12,Route A,2.8
2025-09-09T11:54:36.402659,2276.75,40,19.21568627,23.01,10.58823529,45,0,1.5625,3.125,-0.78125,Passive,0.336,12,Route A,2.8
2025-09-09T11:54:37.057767,2276.75,40,19.21568627,23.01,10.58823529,45,0,1.5625,3.125,-0.78125,Passive,0.336,12,Route A,2.8
2025-09-09T11:54:37.712841,2379,43,14.50980392,9.59,5.490196078,27,0,1.5625,3.125,-0.78125,Passive,0.336,12,Route A,2.8
2025-09-09T11:54:38.547246,2379,43,14.50980392,9.59,5.490196078,27,0,1.5625,3.125,-0.78125,Passive,0.336,12,Route A,2.8
2025-09-09T11:54:39.201798,1859.75,43,16.8627451,15.22,5.490196078,27,3.90625,1.5625,3.125,0.78125,Passive,0.336,12,Route A,2.8
2025-09-09T11:54:40.327630,1859.75,43,16.8627451,15.22,5.490196078,27,3.90625,1.5625,3.125,0.78125,Passive,0.336,12,Route A,2.8
2025-09-09T11:54:40.982759,1869,44,14.11764706,7.65,3.921568627,22,3.90625,1.5625,3.125,0.78125,Passive,0.336,12,Route A,2.8
2025-09-09T11:54:41.822622,1869,44,14.11764706,7.65,3.921568627,22,3.90625,1.5625,3.125,0.78125,Passive,0.336,12,Route A,2.8
2025-09-09T11:54:42.477752,1791,41,13.7254902,7.36,3.921568627,22,3.90625,1.5625,3.125,0.78125,Passive,0.336,12,Route A,2.8
2025-09-09T11:54:43.131071,1791,41,13.7254902,7.36,3.921568627,22,3.90625,1.5625,3.125,0.78125,Passive,0.336,12,Route A,2.8
2025-09-09T11:54:43.786154,1698,39,13.7254902,7.26,4.31372549,27,3.90625,1.5625,3.125,0.78125,Passive,0.336,12,Route A,2.8
2025-09-09T11:54:44.614758,1698,39,13.7254902,7.26,4.31372549,27,3.90625,1.5625,3.125,0.78125,Passive,0.336,12,Route A,2.8
2025-09-09T11:54:45.269621,1674.5,39,16.47058824,14.28,4.31372549,27,2.34375,1.5625,3.125,0,Passive,0.336,12,Route A,2.8
2025-09-09T11:54:46.426229,1674.5,39,16.47058824,14.28,4.31372549,27,2.34375,1.5625,3.125,0,Passive,0.336,12,Route A,2.8
2025-09-09T11:54:47.081313,1794.75,42,17.64705882,17.09,8.62745098,42,2.34375,1.5625,3.125,0,Passive,0.336,12,Route A,2.8
2025-09-09T11:54:47.928897,1794.75,42,17.64705882,17.09,8.62745098,42,2.34375,1.5625,3.125,0,Passive,0.336,12,Route A,2.8
2025-09-09T11:54:48.580258,1919,45,16.07843137,12.55,8.62745098,42,2.34375,1.5625,3.125,0,Passive,0.336,12,Route A,2.8
2025-09-09T11:54:49.232228,1919,45,16.07843137,12.55,8.62745098,42,2.34375,1.5625,3.125,0,Passive,0.336,12,Route A,2.8
2025-09-09T11:54:49.884925,1985.25,46,16.8627451,14.22,6.666666667,29,2.34375,1.5625,3.125,0,Passive,0.336,12,Route A,2.8
2025-09-09T11:54:50.758486,1985.25,46,16.8627451,14.22,6.666666667,29,2.34375,1.5625,3.125,0,Passive,0.336,12,Route A,2.8
2025-09-09T11:54:51.413542,2053.75,47,15.29411765,11.53,6.666666667,29,0.78125,-1.5625,3.90625,1.5625,Passive,0.336,12,Route A,2.8
2025-09-09T11:54:52.703671,2078,48,15.29411765,10.23,4.705882353,21,0.78125,-1.5625,3.90625,1.5625,Passive,0.336,12,Route A,2.8
2025-09-09T11:54:53.665550,2078,48,15.29411765,10.23,4.705882353,21,0.78125,-1.5625,3.90625,1.5625,Passive,0.336,12,Route A,2.8
2025-09-09T11:54:54.319796,2033,47,14.11764706,8.17,4.705882353,21,0.78125,-1.5625,3.90625,1.5625,Passive,0.336,12,Route A,2.8
2025-09-09T11:54:54.981370,2033,47,14.11764706,8.17,4.705882353,21,0.78125,-1.5625,3.90625,1.5625,Passive,0.336,12,Route A,2.8
2025-09-09T11:54:55.636443,1965.25,45,14.11764706,8.01,3.921568627,22,0.78125,-1.5625,3.90625,1.5625,Passive,0.336,12,Route A,2.8
2025-09-09T11:54:56.735956,1965.25,45,14.11764706,8.01,3.921568627,22,0.78125,-1.5625,3.90625,1.5625,Passive,0.336,12,Route A,2.8
2025-09-09T11:54:57.391035,1881.75,43,14.11764706,7.86,3.921568627,22,0,0,4.6875,-0.78125,Passive,0.336,12,Route A,2.8
2025-09-09T11:54:58.503659,1881.75,43,14.11764706,7.86,3.921568627,22,0,0,4.6875,-0.78125,Passive,0.336,12,Route A,2.8
2025-09-09T11:54:59.158715,1779.75,41,13.7254902,7.32,3.529411765,22,0,0,4.6875,-0.78125,Passive,0.336,12,Route A,2.8
2025-09-09T11:54:59.992023,1779.75,41,13.7254902,7.32,3.529411765,22,0,0,4.6875,-0.78125,Passive,0.336,12,Route A,2.8
2025-09-09T11:55:00.644922,1710.75,40,13.7254902,7.17,3.529411765,22,0,0,4.6875,-0.78125,Passive,0.336,12,Route A,2.8
2025-09-09T11:55:01.300049,1710.75,40,13.7254902,7.17,3.529411765,22,0,0,4.6875,-0.78125,Passive,0.336,12,Route A,2.8
2025-09-09T11:55:01.951416,1627.25,38,13.7254902,6.71,3.137254902,23,0,0,4.6875,-0.78125,Passive,0.336,12,Route A,2.8
2025-09-09T11:55:02.799474,1627.25,38,13.7254902,6.71,3.137254902,23,0,0,4.6875,-0.78125,Passive,0.336,12,Route A,2.8
2025-09-09T11:55:03.449848,1614,38,15.68627451,11.8,3.137254902,23,9.375,10.15625,3.90625,0,Passive,0.336,12,Route A,2.8
2025-09-09T11:55:04.552263,1614,38,15.68627451,11.8,3.137254902,23,9.375,10.15625,3.90625,0,Passive,0.336,12,Route A,2.8
2025-09-09T11:55:05.207347,1705.5,40,14.50980392,9.35,4.31372549,24,9.375,10.15625,3.90625,0,Passive,0.336,12,Route A,2.8
2025-09-09T11:55:06.044535,1705.5,40,14.50980392,9.35,4.31372549,24,9.375,10.15625,3.90625,0,Passive,0.336,12,Route A,2.8
2025-09-09T11:55:06.699625,1724.25,39,13.7254902,6.87,4.31372549,24,9.375,10.15625,3.90625,0,Passive,0.336,12,Route A,2.8
2025-09-09T11:55:07.354614,1724.25,39,13.7254902,6.87,4.31372549,24,9.375,10.15625,3.90625,0,Passive,0.336,12,Route A,2.8
2025-09-09T11:55:08.009691,1653.25,38,14.50980392,9.25,4.705882353,28,9.375,10.15625,3.90625,0,Passive,0.336,12,Route A,2.8
2025-09-09T11:55:08.848235,1653.25,38,14.50980392,9.25,4.705882353,28,9.375,10.15625,3.90625,0,Passive,0.336,12,Route A,2.8
2025-09-09T11:55:09.503429,1624.25,38,14.50980392,9.27,4.705882353,28,6.25,6.25,4.6875,-0.78125,Passive,0.336,12,Route A,2.8
2025-09-09T11:55:10.620623,1624.25,38,14.50980392,9.27,4.705882353,28,6.25,6.25,4.6875,-0.78125,Passive,0.336,12,Route A,2.8
2025-09-09T11:55:11.275705,1603,37,13.7254902,6.67,3.529411765,24,6.25,6.25,4.6875,-0.78125,Passive,0.336,12,Route A,2.8
2025-09-09T11:55:12.102722,1603,37,13.7254902,6.67,3.529411765,24,6.25,6.25,4.6875,-0.78125,Passive,0.336,12,Route A,2.8
2025-09-09T11:55:12.753426,1593,37,15.29411765,10.41,3.529411765,24,6.25,6.25,4.6875,-0.78125,Passive,0.336,12,Route A,2.8
2025-09-09T11:55:13.408515,1593,37,15.29411765,10.41,3.529411765,24,6.25,6.25,4.6875,-0.78125,Passive,0.336,12,Route A,2.8
2025-09-09T11:55:14.063631,1608.25,37,15.29411765,11.07,5.490196078,32,6.25,6.25,4.6875,-0.78125,Passive,0.336,12,Route A,2.8
2025-09-09T11:55:14.907087,1608.25,37,15.29411765,11.07,5.490196078,32,6.25,6.25,4.6875,-0.78125,Passive,0.336,12,Route A,2.8
2025-09-09T11:55:15.562657,1615,38,16.8627451,14.36,5.490196078,32,2.34375,1.5625,3.90625,0.78125,Passive,0.336,12,Route A,2.8
2025-09-09T11:55:16.671698,1615,38,16.8627451,14.36,5.490196078,32,2.34375,1.5625,3.90625,0.78125,Passive,0.336,12,Route A,2.8
2025-09-09T11:55:17.326771,1730.75,40,17.64705882,17.56,9.019607843,45,2.34375,1.5625,3.90625,0.78125,Passive,0.336,12,Route A,2.8
2025-09-09T11:55:18.151315,1730.75,40,17.64705882,17.56,9.019607843,45,2.34375,1.5625,3.90625,0.78125,Passive,0.336,12,Route A,2.8
2025-09-09T11:55:18.806401,1823,42,18.03921569,18.35,9.019607843,45,2.34375,1.5625,3.90625,0.78125,Passive,0.336,12,Route A,2.8
2025-09-09T11:55:19.461466,1823,42,18.03921569,18.35,9.019607843,45,2.34375,1.5625,3.90625,0.78125,Passive,0.336,12,Route A,2.8
2025-09-09T11:55:20.114633,1921,44,18.03921569,19.32,9.803921569,44,2.34375,1.5625,3.90625,0.78125,Passive,0.336,12,Route A,2.8
2025-09-09T11:55:20.943087,1921,44,18.03921569,19.32,9.803921569,44,2.34375,1.5625,3.90625,0.78125,Passive,0.336,12,Route A,2.8
2025-09-09T11:55:21.598196,1997.25,46,14.50980392,9.54,9.803921569,44,-1.5625,-4.6875,4.6875,1.5625,Passive,0.336,12,Route A,2.8
2025-09-09T11:55:22.743697,1997.25,46,14.50980392,9.54,9.803921569,44,-1.5625,-4.6875,4.6875,1.5625,Passive,0.336,12,Route A,2.8
2025-09-09T11:55:23.394621,1933.75,45,15.68627451,12.59,6.274509804,30,-1.5625,-4.6875,4.6875,1.5625,Passive,0.336,12,Route A,2.8
2025-09-09T11:55:24.226642,1933.75,45,15.68627451,12.59,6.274509804,30,-1.5625,-4.6875,4.6875,1.5625,Passive,0.336,12,Route A,2.8
2025-09-09T11:55:24.881587,1949.25,45,18.43137255,20.52,6.274509804,30,-1.5625,-4.6875,4.6875,1.5625,Passive,0.336,12,Route A,2.8
2025-09-09T11:55:25.536620,1949.25,45,18.43137255,20.52,6.274509804,30,-1.5625,-4.6875,4.6875,1.5625,Passive,0.336,12,Route A,2.8
2025-09-09T11:55:26.189202,1997.25,46,14.11764706,8.16,3.921568627,21,-1.5625,-4.6875,4.6875,1.5625,Passive,0.336,12,Route A,2.8
2025-09-09T11:55:27.107712,1997.25,46,14.11764706,8.16,3.921568627,21,-1.5625,-4.6875,4.6875,1.5625,Passive,0.336,12,Route A,2.8
2025-09-09T11:55:27.762800,1887.75,43,13.7254902,7.52,3.921568627,21,0,0,3.90625,0.78125,Passive,0.336,12,Route A,2.8
2025-09-09T11:55:29.001821,1754.5,40,13.7254902,7.15,3.529411765,25,0,0,3.90625,0.78125,Passive,0.336,12,Route A,2.8
2025-09-09T11:55:29.869313,1754.5,40,13.7254902,7.15,3.529411765,25,0,0,3.90625,0.78125,Passive,0.336,12,Route A,2.8
2025-09-09T11:55:30.520451,1220,33,12.54901961,4.52,3.529411765,25,0,0,3.90625,0.78125,Passive,0.336,12,Route A,2.8
2025-09-09T11:55:31.175548,1220,33,12.54901961,4.52,3.529411765,25,0,0,3.90625,0.78125,Passive,0.336,12,Route A,2.8
2025-09-09T11:55:31.830625,1058.25,30,12.94117647,5.81,3.529411765,26,0,0,3.90625,0.78125,Passive,0.336,12,Route A,2.8
2025-09-09T11:55:32.661822,1058.25,30,12.94117647,5.81,3.529411765,26,0,0,3.90625,0.78125,Passive,0.336,12,Route A,2.8
2025-09-09T11:55:33.315254,1583.25,28,17.25490196,16.49,3.529411765,26,0,0,3.90625,0.78125,Passive,0.336,12,Route A,2.8
2025-09-09T11:55:33.965866,1583.25,28,17.25490196,16.49,3.529411765,26,0,0,3.90625,0.78125,Passive,0.336,12,Route A,2.8
2025-09-09T11:55:34.617479,1766,32,18.03921569,18.83,9.411764706,46,-3.125,1.5625,5.46875,1.5625,Passive,0.336,12,Route A,2.8
2025-09-09T11:55:36.098218,1996.75,36,18.82352941,21.06,9.411764706,46,-3.125,1.5625,5.46875,1.5625,Passive,0.336,12,Route A,2.8
2025-09-09T11:55:36.753247,1996.75,36,18.82352941,21.06,9.411764706,46,-3.125,1.5625,5.46875,1.5625,Passive,0.336,12,Route A,2.8
2025-09-09T11:55:37.408320,2171.5,39,19.60784314,24.53,12.54901961,45,-3.125,1.5625,5.46875,1.5625,Passive,0.336,12,Route A,2.8
2025-09-09T11:55:38.243227,2171.5,39,19.60784314,24.53,12.54901961,45,-3.125,1.5625,5.46875,1.5625,Passive,0.336,12,Route A,2.8
2025-09-09T11:55:38.893395,1660.25,40,15.68627451,11.98,12.54901961,45,-3.125,1.5625,5.46875,1.5625,Passive,0.336,12,Route A,2.8
2025-09-09T11:55:39.547040,1660.25,40,15.68627451,11.98,12.54901961,45,-3.125,1.5625,5.46875,1.5625,Passive,0.336,12,Route A,2.8
2025-09-09T11:55:40.202093,1716.25,40,17.64705882,16.86,8.62745098,43,-3.125,1.5625,5.46875,1.5625,Passive,0.336,12,Route A,2.8
2025-09-09T11:55:41.032216,1716.25,40,17.64705882,16.86,8.62745098,43,-3.125,1.5625,5.46875,1.5625,Passive,0.336,12,Route A,2.8
2025-09-09T11:55:41.684246,1762.25,41,14.90196078,10.07,8.62745098,43,-0.78125,-0.78125,3.90625,1.5625,Passive,0.336,12,Route A,2.8
2025-09-09T11:55:42.792685,1762.25,41,14.90196078,10.07,8.62745098,43,-0.78125,-0.78125,3.90625,1.5625,Passive,0.336,12,Route A,2.8
2025-09-09T11:55:43.447767,1679.75,39,13.7254902,6.92,3.529411765,23,-0.78125,-0.78125,3.90625,1.5625,Passive,0.336,12,Route A,2.8
2025-09-09T11:55:44.288464,1679.75,39,13.7254902,6.92,3.529411765,23,-0.78125,-0.78125,3.90625,1.5625,Passive,0.336,12,Route A,2.8
2025-09-09T11:55:44.940225,1009.25,34,12.15686275,3.98,3.529411765,23,-0.78125,-0.78125,3.90625,1.5625,Passive,0.336,12,Route A,2.8
2025-09-09T11:55:45.591025,1009.25,34,12.15686275,3.98,3.529411765,23,-0.78125,-0.78125,3.90625,1.5625,Passive,0.336,12,Route A,2.8
2025-09-09T11:55:46.246115,793.5,26,12.54901961,4.53,2.352941176,32,-0.78125,-0.78125,3.90625,1.5625,Passive,0.336,12,Route A,2.8
2025-09-09T11:55:47.091985,793.5,26,12.54901961,4.53,2.352941176,32,-0.78125,-0.78125,3.90625,1.5625,Passive,0.336,12,Route A,2.8
2025-09-09T11:55:47.747111,850.25,15,12.54901961,4.09,2.352941176,32,0,-2.34375,10.9375,2.34375,Passive,0.336,12,Route A,2.8
2025-09-09T11:55:49.167916,846.5,6,12.15686275,3.9,1.960784314,27,0,-2.34375,10.9375,2.34375,Passive,0.336,12,Route A,2.8
2025-09-09T11:55:49.994078,846.5,6,12.15686275,3.9,1.960784314,27,0,-2.34375,10.9375,2.34375,Passive,0.336,12,Route A,2.8
2025-09-09T11:55:50.649104,633,3,18.43137255,15.5,1.960784314,27,0,-2.34375,10.9375,2.34375,Passive,0.336,12,Route A,2.8
2025-09-09T11:55:51.304166,633,3,18.43137255,15.5,1.960784314,27,0,-2.34375,10.9375,2.34375,Passive,0.336,12,Route A,2.8
2025-09-09T11:55:51.959250,1350,13,19.60784314,23.37,11.76470588,60,0,-2.34375,10.9375,2.34375,Passive,0.336,12,Route A,2.8
2025-09-09T11:55:52.807642,1350,13,19.60784314,23.37,11.76470588,60,0,-2.34375,10.9375,2.34375,Passive,0.336,12,Route A,2.8
2025-09-09T11:55:53.462848,2692.75,24,21.56862745,25.37,11.76470588,60,0,-2.34375,10.9375,2.34375,Passive,0.336,12,Route A,2.8
2025-09-09T11:55:54.117906,2692.75,24,21.56862745,25.37,11.76470588,60,0,-2.34375,10.9375,2.34375,Passive,0.336,12,Route A,2.8
2025-09-09T11:55:54.769459,2076.75,28,20,27.75,15.29411765,63,-4.6875,4.6875,4.6875,2.34375,Passive,0.336,12,Route A,2.8
2025-09-09T11:55:56.162068,2680.25,36,22.74509804,36.14,15.29411765,63,-4.6875,4.6875,4.6875,2.34375,Passive,0.336,12,Route A,2.8
2025-09-09T11:55:56.817101,2680.25,36,22.74509804,36.14,15.29411765,63,-4.6875,4.6875,4.6875,2.34375,Passive,0.336,12,Route A,2.8
2025-09-09T11:55:57.472159,2600.75,40,16.8627451,15.99,9.803921569,39,-4.6875,4.6875,4.6875,2.34375,Passive,0.336,12,Route A,2.8
2025-09-09T11:55:58.318578,2600.75,40,16.8627451,15.99,9.803921569,39,-4.6875,4.6875,4.6875,2.34375,Passive,0.336,12,Route A,2.8
2025-09-09T11:55:58.973639,2420.75,43,20.39215686,27.7,9.803921569,39,-4.6875,4.6875,4.6875,2.34375,Passive,0.336,12,Route A,2.8
2025-09-09T11:55:59.627183,2420.75,43,20.39215686,27.7,9.803921569,39,-4.6875,4.6875,4.6875,2.34375,Passive,0.336,12,Route A,2.8
2025-09-09T11:56:00.281690,2645.75,47,21.17647059,30.2,15.29411765,59,1.5625,3.90625,1.5625,3.90625,Passive,0.336,12,Route A,2.8
2025-09-09T11:56:02.741335,3049.5,54,18.03921569,18.31,6.666666667,28,1.5625,3.90625,1.5625,3.90625,Passive,0.336,12,Route A,2.8
2025-09-09T11:56:03.556330,3049.5,54,18.03921569,18.31,6.666666667,28,1.5625,3.90625,1.5625,3.90625,Passive,0.336,12,Route A,2.8
2025-09-09T11:56:04.209604,2347.25,54,18.43137255,21.53,6.666666667,28,1.5625,3.90625,1.5625,3.90625,Passive,0.336,12,Route A,2.8
2025-09-09T11:56:04.860023,2347.25,54,18.43137255,21.53,6.666666667,28,1.5625,3.90625,1.5625,3.90625,Passive,0.336,12,Route A,2.8
2025-09-09T11:56:05.510074,2416,56,20,25.45,12.94117647,56,1.5625,3.90625,1.5625,3.90625,Passive,0.336,12,Route A,2.8
2025-09-09T11:56:06.332923,2416,56,20,25.45,12.94117647,56,1.5625,3.90625,1.5625,3.90625,Passive,0.336,12,Route A,2.8
2025-09-09T11:56:06.983535,2515,59,20,26.65,12.94117647,56,1.5625,3.90625,1.5625,3.90625,Passive,0.336,12,Route A,2.8
2025-09-09T11:56:07.638575,2515,59,20,26.65,12.94117647,56,1.5625,3.90625,1.5625,3.90625,Passive,0.336,12,Route A,2.8
2025-09-09T11:56:08.293759,2627.25,61,20.39215686,27.84,14.11764706,55,-1.5625,-2.34375,0.78125,5.46875,Passive,0.336,12,Route A,2.8
2025-09-09T11:56:09.674420,2620,62,15.29411765,11.82,14.11764706,55,-1.5625,-2.34375,0.78125,5.46875,Passive,0.336,12,Route A,2.8
2025-09-09T11:56:10.326393,2620,62,15.29411765,11.82,14.11764706,55,-1.5625,-2.34375,0.78125,5.46875,Passive,0.336,12,Route A,2.8
2025-09-09T11:56:10.980630,1911.25,62,17.64705882,17.87,9.019607843,42,-1.5625,-2.34375,0.78125,5.46875,Passive,0.336,12,Route A,2.8
2025-09-09T11:56:11.819705,1911.25,62,17.64705882,17.87,9.019607843,42,-1.5625,-2.34375,0.78125,5.46875,Passive,0.336,12,Route A,2.8
2025-09-09T11:56:12.474504,1923.75,62,15.29411765,10.96,9.019607843,42,-1.5625,-2.34375,0.78125,5.46875,Passive,0.336,12,Route A,2.8
2025-09-09T11:56:13.129596,1923.75,62,15.29411765,10.96,9.019607843,42,-1.5625,-2.34375,0.78125,5.46875,Passive,0.336,12,Route A,2.8
2025-09-09T11:56:13.779860,1894.25,61,14.11764706,7.99,3.921568627,22,0,0,2.34375,2.34375,Passive,0.336,12,Route A,2.8
2025-09-09T11:56:15.370809,1807,58,13.7254902,7.52,3.921568627,22,0,0,2.34375,2.34375,Passive,0.336,12,Route A,2.8
2025-09-09T11:56:16.024538,1807,58,13.7254902,7.52,3.921568627,22,0,0,2.34375,2.34375,Passive,0.336,12,Route A,2.8
2025-09-09T11:56:16.679591,1720,55,13.7254902,7.43,3.529411765,23,0,0,2.34375,2.34375,Passive,0.336,12,Route A,2.8
2025-09-09T11:56:17.511055,1720,55,13.7254902,7.43,3.529411765,23,0,0,2.34375,2.34375,Passive,0.336,12,Route A,2.8
2025-09-09T11:56:18.165924,1628.5,52,13.7254902,6.98,3.529411765,23,0,0,2.34375,2.34375,Passive,0.336,12,Route A,2.8
2025-09-09T11:56:18.820961,1628.5,52,13.7254902,6.98,3.529411765,23,0,0,2.34375,2.34375,Passive,0.336,12,Route A,2.8
2025-09-09T11:56:19.476053,1551.75,50,13.33333333,6.58,3.137254902,23,0,0,2.34375,2.34375,Passive,0.336,12,Route A,2.8
2025-09-09T11:56:20.313052,1551.75,50,13.33333333,6.58,3.137254902,23,0,0,2.34375,2.34375,Passive,0.336,12,Route A,2.8
2025-09-09T11:56:20.966811,1444.75,46,12.94117647,6.04,3.137254902,23,0,0,3.90625,-0.78125,Passive,0.336,12,Route A,2.8
2025-09-09T11:56:22.081485,1444.75,46,12.94117647,6.04,3.137254902,23,0,0,3.90625,-0.78125,Passive,0.336,12,Route A,2.8
2025-09-09T11:56:22.733377,1147,37,12.15686275,3.93,2.352941176,24,0,0,3.90625,-0.78125,Passive,0.336,12,Route A,2.8
2025-09-09T11:56:23.567203,1147,37,12.15686275,3.93,2.352941176,24,0,0,3.90625,-0.78125,Passive,0.336,12,Route A,2.8
2025-09-09T11:56:24.222251,789,27,12.15686275,3.77,2.352941176,24,0,0,3.90625,-0.78125,Passive,0.336,12,Route A,2.8
2025-09-09T11:56:24.874428,789,27,12.15686275,3.77,2.352941176,24,0,0,3.90625,-0.78125,Passive,0.336,12,Route A,2.8
2025-09-09T11:56:25.525461,998,25,12.54901961,5.04,3.137254902,23,0,0,3.90625,-0.78125,Passive,0.336,12,Route A,2.8
2025-09-09T11:56:26.355529,998,25,12.54901961,5.04,3.137254902,23,0,0,3.90625,-0.78125,Passive,0.336,12,Route A,2.8
2025-09-09T11:56:27.010613,1429,26,16.8627451,15.19,3.137254902,23,-2.34375,1.5625,6.25,1.5625,Passive,0.336,12,Route A,2.8
2025-09-09T11:56:28.885697,1739.5,31,19.21568627,21.9,9.803921569,46,-2.34375,1.5625,6.25,1.5625,Passive,0.336,12,Route A,2.8
2025-09-09T11:56:29.706474,1739.5,31,19.21568627,21.9,9.803921569,46,-2.34375,1.5625,6.25,1.5625,Passive,0.336,12,Route A,2.8
2025-09-09T11:56:30.358672,1953.5,35,17.64705882,17.85,9.803921569,46,-2.34375,1.5625,6.25,1.5625,Passive,0.336,12,Route A,2.8
2025-09-09T11:56:31.012204,1953.5,35,17.64705882,17.85,9.803921569,46,-2.34375,1.5625,6.25,1.5625,Passive,0.336,12,Route A,2.8
2025-09-09T11:56:31.666467,2062.75,37,17.25490196,16.71,7.058823529,32,-2.34375,1.5625,6.25,1.5625,Passive,0.336,12,Route A,2.8
2025-09-09T11:56:32.522097,2062.75,37,17.25490196,16.71,7.058823529,32,-2.34375,1.5625,6.25,1.5625,Passive,0.336,12,Route A,2.8
2025-09-09T11:56:33.177179,2123.75,38,14.50980392,9.03,7.058823529,32,-2.34375,1.5625,6.25,1.5625,Passive,0.336,12,Route A,2.8
2025-09-09T11:56:33.829036,2123.75,38,14.50980392,9.03,7.058823529,32,-2.34375,1.5625,6.25,1.5625,Passive,0.336,12,Route A,2.8
2025-09-09T11:56:34.483072,1547.5,37,14.90196078,10.16,5.098039216,31,-3.125,-9.375,3.90625,2.34375,Passive,0.336,12,Route A,2.8
2025-09-09T11:56:35.855629,1591.75,37,15.29411765,10.51,5.098039216,31,-3.125,-9.375,3.90625,2.34375,Passive,0.336,12,Route A,2.8
2025-09-09T11:56:36.510716,1591.75,37,15.29411765,10.51,5.098039216,31,-3.125,-9.375,3.90625,2.34375,Passive,0.336,12,Route A,2.8
2025-09-09T11:56:37.165799,1593,37,13.33333333,6.59,3.137254902,22,-3.125,-9.375,3.90625,2.34375,Passive,0.336,12,Route A,2.8
2025-09-09T11:56:37.997109,1593,37,13.33333333,6.59,3.137254902,22,-3.125,-9.375,3.90625,2.34375,Passive,0.336,12,Route A,2.8
2025-09-09T11:56:38.650080,1479.5,34,13.33333333,6.08,3.137254902,22,-3.125,-9.375,3.90625,2.34375,Passive,0.336,12,Route A,2.8
2025-09-09T11:56:39.305181,1479.5,34,13.33333333,6.08,3.137254902,22,-3.125,-9.375,3.90625,2.34375,Passive,0.336,12,Route A,2.8
2025-09-09T11:56:39.960270,1113.5,27,12.15686275,3.77,1.960784314,26,0,0,7.03125,0.78125,Passive,0.336,12,Route A,2.8
2025-09-09T11:56:41.497913,1227.25,22,12.94117647,6.01,1.960784314,26,0,0,7.03125,0.78125,Passive,0.336,12,Route A,2.8
2025-09-09T11:56:42.149529,1227.25,22,12.94117647,6.01,1.960784314,26,0,0,7.03125,0.78125,Passive,0.336,12,Route A,2.8
2025-09-09T11:56:42.803813,1204.25,21,16.07843137,12.39,6.274509804,47,0,0,7.03125,0.78125,Passive,0.336,12,Route A,2.8
2025-09-09T11:56:43.632683,1204.25,21,16.07843137,12.39,6.274509804,47,0,0,7.03125,0.78125,Passive,0.336,12,Route A,2.8
2025-09-09T11:56:44.286564,1353.5,24,16.07843137,12.85,6.274509804,47,0,0,7.03125,0.78125,Passive,0.336,12,Route A,2.8
2025-09-09T11:56:44.941617,1353.5,24,16.07843137,12.85,6.274509804,47,0,0,7.03125,0.78125,Passive,0.336,12,Route A,2.8
2025-09-09T11:56:45.596699,1420.75,25,13.33333333,5.85,2.745098039,22,0,0,7.03125,0.78125,Passive,0.336,12,Route A,2.8
2025-09-09T11:56:46.434944,1420.75,25,13.33333333,5.85,2.745098039,22,0,0,7.03125,0.78125,Passive,0.336,12,Route A,2.8
2025-09-09T11:56:47.090010,1304.75,22,12.54901961,4.93,2.745098039,22,0,0,4.6875,0.78125,Passive,0.336,12,Route A,2.8
2025-09-09T11:56:48.621957,1304.75,22,12.54901961,4.93,1.960784314,23,0,0,4.6875,0.78125,Passive,0.336,12,Route A,2.8
2025-09-09T11:56:49.273931,716.75,17,12.54901961,4.27,1.960784314,23,0,0,4.6875,0.78125,Passive,0.336,12,Route A,2.8
2025-09-09T11:56:49.933921,716.75,17,12.54901961,4.27,1.960784314,23,0,0,4.6875,0.78125,Passive,0.336,12,Route A,2.8
2025-09-09T11:56:50.594163,867.75,8,12.54901961,4.14,1.960784314,27,0,0,4.6875,0.78125,Passive,0.336,12,Route A,2.8
2025-09-09T11:56:51.423221,867.75,8,12.54901961,4.14,1.960784314,27,0,0,4.6875,0.78125,Passive,0.336,12,Route A,2.8
2025-09-09T11:56:52.081343,772.75,0,12.15686275,3.61,1.960784314,27,0,0,4.6875,0.78125,Idle,0.336,12,Route A,2.8
2025-09-09T11:56:52.741390,772.75,0,12.15686275,3.61,1.960784314,27,0,0,4.6875,0.78125,Idle,0.336,12,Route A,2.8
2025-09-09T11:56:53.400336,775.75,0,12.15686275,3.6,1.960784314,26,0.78125,-3.90625,13.28125,2.34375,Idle,0.336,12,Route A,2.8