timestamp,RPM,SPEED,THROTTLE_POS,MAF,ENGINE_LOAD,INTAKE_PRESSURE,SHORT_FUEL_TRIM_1,SHORT_FUEL_TRIM_2,LONG_FUEL_TRIM_1,LONG_FUEL_TRIM_2,driving_style,Fuel Efficiciency ,Distance,Fuel Used,Route
2025-09-28T13:59:23.435724,754,0,12.15686275,3.42,1.568627451,27,0.78125,0,15.625,1.5625,Idle,12.6,2.4,0.3024,Wallace B
2025-09-28T13:59:26.079499,741,0,12.15686275,3.45,1.568627451,27,-0.78125,3.125,15.625,1.5625,Idle,12.6,2.4,0.3024,Wallace B
2025-09-28T13:59:27.457552,776.5,0,17.64705882,16.05,1.568627451,27,-0.78125,3.125,15.625,1.5625,Normal,12.6,2.4,0.3024,Wallace B
2025-09-28T13:59:28.112429,776.5,0,17.64705882,16.05,1.568627451,27,-0.78125,3.125,15.625,1.5625,Normal,12.6,2.4,0.3024,Wallace B
2025-09-28T13:59:28.767470,1439.5,10,20.78431373,23.73,13.33333333,76,-0.78125,3.125,15.625,1.5625,Normal,12.6,2.4,0.3024,Wallace B
2025-09-28T13:59:29.604646,1439.5,10,20.78431373,23.73,13.33333333,76,-0.78125,3.125,15.625,1.5625,Normal,12.6,2.4,0.3024,Wallace B
2025-09-28T13:59:30.259726,2712.75,25,25.88235294,46.4,13.33333333,76,-0.78125,3.125,15.625,1.5625,Normal,12.6,2.4,0.3024,Wallace B
2025-09-28T13:59:30.911534,2712.75,25,25.88235294,46.4,13.33333333,76,-0.78125,3.125,15.625,1.5625,Normal,12.6,2.4,0.3024,Wallace B
2025-09-28T13:59:31.562370,2673.5,29,20.78431373,27.73,16.07843137,65,-0.78125,3.125,15.625,1.5625,Normal,12.6,2.4,0.3024,Wallace B
2025-09-28T13:59:32.395895,2673.5,29,20.78431373,27.73,16.07843137,65,-0.78125,3.125,15.625,1.5625,Normal,12.6,2.4,0.3024,Wallace B
2025-09-28T13:59:33.047942,2686.5,36,25.09803922,42.79,16.07843137,65,-0.78125,5.46875,5.46875,3.125,Normal,12.6,2.4,0.3024,Wallace B
2025-09-28T13:59:34.152455,2686.5,36,25.09803922,42.79,16.07843137,65,-0.78125,5.46875,5.46875,3.125,Normal,12.6,2.4,0.3024,Wallace B
2025-09-28T13:59:34.805045,2383.75,40,16.47058824,13.32,6.666666667,28,-0.78125,5.46875,5.46875,3.125,Normal,12.6,2.4,0.3024,Wallace B
2025-09-28T13:59:35.647484,2383.75,40,16.47058824,13.32,6.666666667,28,-0.78125,5.46875,5.46875,3.125,Normal,12.6,2.4,0.3024,Wallace B
2025-09-28T13:59:36.302572,2163.75,39,16.07843137,12.96,6.666666667,28,-0.78125,5.46875,5.46875,3.125,Normal,12.6,2.4,0.3024,Wallace B
2025-09-28T13:59:36.953464,2163.75,39,16.07843137,12.96,6.666666667,28,-0.78125,5.46875,5.46875,3.125,Normal,12.6,2.4,0.3024,Wallace B
2025-09-28T13:59:37.608563,2157.25,38,20,25.27,12.54901961,55,-0.78125,5.46875,5.46875,3.125,Normal,12.6,2.4,0.3024,Wallace B
2025-09-28T13:59:38.436059,2157.25,38,20,25.27,12.54901961,55,-0.78125,5.46875,5.46875,3.125,Normal,12.6,2.4,0.3024,Wallace B
2025-09-28T13:59:39.087801,2311.75,41,21.96078431,32.39,12.54901961,55,2.34375,8.59375,2.34375,2.34375,Normal,12.6,2.4,0.3024,Wallace B
2025-09-28T13:59:40.212618,2311.75,41,21.96078431,32.39,12.54901961,55,2.34375,8.59375,2.34375,2.34375,Normal,12.6,2.4,0.3024,Wallace B
2025-09-28T13:59:40.866305,2652.75,48,22.74509804,31.88,5.882352941,29,2.34375,8.59375,2.34375,2.34375,Normal,12.6,2.4,0.3024,Wallace B
2025-09-28T13:59:41.699888,2652.75,48,22.74509804,31.88,5.882352941,29,2.34375,8.59375,2.34375,2.34375,Normal,12.6,2.4,0.3024,Wallace B
2025-09-28T13:59:42.354262,2183.5,49,21.56862745,31.37,5.882352941,29,2.34375,8.59375,2.34375,2.34375,Normal,12.6,2.4,0.3024,Wallace B
2025-09-28T13:59:43.009345,2183.5,49,21.56862745,31.37,5.882352941,29,2.34375,8.59375,2.34375,2.34375,Normal,12.6,2.4,0.3024,Wallace B
2025-09-28T13:59:43.662602,2219.75,52,19.21568627,21.06,7.450980392,35,2.34375,8.59375,2.34375,2.34375,Normal,12.6,2.4,0.3024,Wallace B
2025-09-28T13:59:44.504931,2219.75,52,19.21568627,21.06,7.450980392,35,2.34375,8.59375,2.34375,2.34375,Normal,12.6,2.4,0.3024,Wallace B
2025-09-28T13:59:45.155221,2229.25,52,14.90196078,9.75,7.450980392,35,8.59375,2.34375,0.78125,1.5625,Normal,12.6,2.4,0.3024,Wallace B
2025-09-28T13:59:46.273530,2229.25,52,14.90196078,9.75,7.450980392,35,8.59375,2.34375,0.78125,1.5625,Normal,12.6,2.4,0.3024,Wallace B
2025-09-28T13:59:46.927757,2128.5,49,16.07843137,12.54,6.274509804,28,8.59375,2.34375,0.78125,1.5625,Normal,12.6,2.4,0.3024,Wallace B
2025-09-28T13:59:47.787833,2128.5,49,16.07843137,12.54,6.274509804,28,8.59375,2.34375,0.78125,1.5625,Normal,12.6,2.4,0.3024,Wallace B
2025-09-28T13:59:48.442939,2063.25,48,14.50980392,8.46,6.274509804,28,8.59375,2.34375,0.78125,1.5625,Normal,12.6,2.4,0.3024,Wallace B
2025-09-28T13:59:49.094589,2063.25,48,14.50980392,8.46,6.274509804,28,8.59375,2.34375,0.78125,1.5625,Normal,12.6,2.4,0.3024,Wallace B
2025-09-28T13:59:49.749619,2009.5,46,15.68627451,12.02,6.274509804,30,8.59375,2.34375,0.78125,1.5625,Normal,12.6,2.4,0.3024,Wallace B
2025-09-28T13:59:50.593456,2009.5,46,15.68627451,12.02,6.274509804,30,8.59375,2.34375,0.78125,1.5625,Normal,12.6,2.4,0.3024,Wallace B
2025-09-28T13:59:51.246558,2003.75,47,19.21568627,22.12,6.274509804,30,0.78125,3.125,0.78125,0,Normal,12.6,2.4,0.3024,Wallace B
2025-09-28T13:59:52.359577,2003.75,47,19.21568627,22.12,6.274509804,30,0.78125,3.125,0.78125,0,Normal,12.6,2.4,0.3024,Wallace B
2025-09-28T13:59:53.012180,2115,49,16.07843137,13.06,7.843137255,39,0.78125,3.125,0.78125,0,Normal,12.6,2.4,0.3024,Wallace B
2025-09-28T13:59:53.843357,2115,49,16.07843137,13.06,7.843137255,39,0.78125,3.125,0.78125,0,Normal,12.6,2.4,0.3024,Wallace B
2025-09-28T13:59:54.495433,2175.75,51,15.68627451,11.07,7.843137255,39,0.78125,3.125,0.78125,0,Normal,12.6,2.4,0.3024,Wallace B
2025-09-28T13:59:55.147579,2175.75,51,15.68627451,11.07,7.843137255,39,0.78125,3.125,0.78125,0,Normal,12.6,2.4,0.3024,Wallace B
2025-09-28T13:59:55.800384,2148.5,50,14.50980392,8.71,4.31372549,22,0.78125,3.125,0.78125,0,Normal,12.6,2.4,0.3024,Wallace B
2025-09-28T13:59:56.628079,2148.5,50,14.50980392,8.71,4.31372549,22,0.78125,3.125,0.78125,0,Normal,12.6,2.4,0.3024,Wallace B
2025-09-28T13:59:57.278777,2035,47,14.50980392,8.32,4.31372549,22,0,0,3.125,0,Normal,12.6,2.4,0.3024,Wallace B
2025-09-28T13:59:58.393469,2035,47,14.50980392,8.32,4.31372549,22,0,0,3.125,0,Normal,12.6,2.4,0.3024,Wallace B
2025-09-28T13:59:59.045445,1932.25,45,14.11764706,7.95,3.921568627,22,0,0,3.125,0,Normal,12.6,2.4,0.3024,Wallace B
2025-09-28T13:59:59.871003,1932.25,45,14.11764706,7.95,3.921568627,22,0,0,3.125,0,Normal,12.6,2.4,0.3024,Wallace B
2025-09-28T14:00:00.526100,1812,42,15.29411765,10.7,3.921568627,22,0,0,3.125,0,Normal,12.6,2.4,0.3024,Wallace B
2025-09-28T14:00:01.178713,1812,42,15.29411765,10.7,3.921568627,22,0,0,3.125,0,Normal,12.6,2.4,0.3024,Wallace B
2025-09-28T14:00:01.833491,1862.75,44,21.56862745,29.7,14.90196078,71,0,0,3.125,0,Normal,12.6,2.4,0.3024,Wallace B
2025-09-28T14:00:02.668397,1862.75,44,21.56862745,29.7,14.90196078,71,0,0,3.125,0,Normal,12.6,2.4,0.3024,Wallace B
2025-09-28T14:00:03.323448,2140.25,50,19.60784314,23.14,14.90196078,71,2.34375,6.25,1.5625,1.5625,Normal,12.6,2.4,0.3024,Wallace B
2025-09-28T14:00:04.452616,2140.25,50,19.60784314,23.14,14.90196078,71,2.34375,6.25,1.5625,1.5625,Normal,12.6,2.4,0.3024,Wallace B
2025-09-28T14:00:05.107291,2270.5,53,14.50980392,9.52,4.705882353,21,2.34375,6.25,1.5625,1.5625,Normal,12.6,2.4,0.3024,Wallace B
2025-09-28T14:00:05.944350,2270.5,53,14.50980392,9.52,4.705882353,21,2.34375,6.25,1.5625,1.5625,Normal,12.6,2.4,0.3024,Wallace B
2025-09-28T14:00:06.599360,2194.5,51,14.50980392,8.81,4.705882353,21,2.34375,6.25,1.5625,1.5625,Normal,12.6,2.4,0.3024,Wallace B
2025-09-28T14:00:07.252404,2194.5,51,14.50980392,8.81,4.705882353,21,2.34375,6.25,1.5625,1.5625,Normal,12.6,2.4,0.3024,Wallace B
2025-09-28T14:00:07.907511,2051.5,48,14.50980392,8.51,3.921568627,22,2.34375,6.25,1.5625,1.5625,Normal,12.6,2.4,0.3024,Wallace B
2025-09-28T14:00:08.753297,2051.5,48,14.50980392,8.51,3.921568627,22,2.34375,6.25,1.5625,1.5625,Normal,12.6,2.4,0.3024,Wallace B
2025-09-28T14:00:09.405674,1833.25,42,14.11764706,7.55,3.921568627,22,0,0,3.90625,0,Normal,12.6,2.4,0.3024,Wallace B
2025-09-28T14:00:10.516875,1833.25,42,14.11764706,7.55,3.921568627,22,0,0,3.90625,0,Normal,12.6,2.4,0.3024,Wallace B
2025-09-28T14:00:11.171991,1823.25,42,20.39215686,25.88,12.94117647,62,0,0,3.90625,0,Normal,12.6,2.4,0.3024,Wallace B
2025-09-28T14:00:12.004217,1823.25,42,20.39215686,25.88,12.94117647,62,0,0,3.90625,0,Normal,12.6,2.4,0.3024,Wallace B
2025-09-28T14:00:12.659270,2028.25,48,22.35294118,31.29,12.94117647,62,0,0,3.90625,0,Normal,12.6,2.4,0.3024,Wallace B
2025-09-28T14:00:13.311817,2028.25,48,22.35294118,31.29,12.94117647,62,0,0,3.90625,0,Normal,12.6,2.4,0.3024,Wallace B
2025-09-28T14:00:13.966929,2274.25,53,18.43137255,19.4,7.450980392,31,0,0,3.90625,0,Normal,12.6,2.4,0.3024,Wallace B
2025-09-28T14:00:14.836899,2274.25,53,18.43137255,19.4,7.450980392,31,0,0,3.90625,0,Normal,12.6,2.4,0.3024,Wallace B
2025-09-28T14:00:15.492003,2312.75,53,14.50980392,9.54,7.450980392,31,0,0,2.34375,1.5625,Normal,12.6,2.4,0.3024,Wallace B
2025-09-28T14:00:16.601738,2312.75,53,14.50980392,9.54,7.450980392,31,0,0,2.34375,1.5625,Normal,12.6,2.4,0.3024,Wallace B
2025-09-28T14:00:17.256139,2196.5,51,16.07843137,12.75,7.058823529,30,0,0,2.34375,1.5625,Normal,12.6,2.4,0.3024,Wallace B
2025-09-28T14:00:18.112444,2196.5,51,16.07843137,12.75,7.058823529,30,0,0,2.34375,1.5625,Normal,12.6,2.4,0.3024,Wallace B
2025-09-28T14:00:18.767456,2222.75,52,14.50980392,8.93,7.058823529,30,0,0,2.34375,1.5625,Normal,12.6,2.4,0.3024,Wallace B
2025-09-28T14:00:19.422555,2222.75,52,14.50980392,8.93,7.058823529,30,0,0,2.34375,1.5625,Normal,12.6,2.4,0.3024,Wallace B
2025-09-28T14:00:20.077659,2192,51,14.50980392,9,4.31372549,22,0,0,2.34375,1.5625,Normal,12.6,2.4,0.3024,Wallace B
2025-09-28T14:00:20.900972,2192,51,14.50980392,9,4.31372549,22,0,0,2.34375,1.5625,Normal,12.6,2.4,0.3024,Wallace B
2025-09-28T14:00:21.551337,2117,49,14.50980392,8.5,4.31372549,22,0,0,3.125,0,Normal,12.6,2.4,0.3024,Wallace B
2025-09-28T14:00:22.678862,2117,49,14.50980392,8.5,4.31372549,22,0,0,3.125,0,Normal,12.6,2.4,0.3024,Wallace B
2025-09-28T14:00:23.333888,1879.25,43,14.11764706,7.73,3.529411765,22,0,0,3.125,0,Normal,12.6,2.4,0.3024,Wallace B
2025-09-28T14:00:24.170818,1879.25,43,14.11764706,7.73,3.529411765,22,0,0,3.125,0,Normal,12.6,2.4,0.3024,Wallace B
2025-09-28T14:00:24.825900,1698.25,39,13.7254902,6.99,3.529411765,22,0,0,3.125,0,Normal,12.6,2.4,0.3024,Wallace B
2025-09-28T14:00:25.478320,1698.25,39,13.7254902,6.99,3.529411765,22,0,0,3.125,0,Normal,12.6,2.4,0.3024,Wallace B
2025-09-28T14:00:26.132697,1179.75,37,13.33333333,6.25,3.529411765,25,0,0,3.125,0,Normal,12.6,2.4,0.3024,Wallace B
2025-09-28T14:00:27.309637,1179.75,37,13.33333333,6.25,3.529411765,25,0,0,3.125,0,Normal,12.6,2.4,0.3024,Wallace B
2025-09-28T14:00:27.963709,2120,38,21.96078431,33.27,3.529411765,25,4.6875,4.6875,3.90625,0.78125,Normal,12.6,2.4,0.3024,Wallace B
2025-09-28T14:00:29.148636,2120,38,21.96078431,33.27,3.529411765,25,4.6875,4.6875,3.90625,0.78125,Normal,12.6,2.4,0.3024,Wallace B
2025-09-28T14:00:29.802266,2658,48,21.96078431,28.58,7.450980392,29,4.6875,4.6875,3.90625,0.78125,Normal,12.6,2.4,0.3024,Wallace B
2025-09-28T14:00:30.722405,2658,48,21.96078431,28.58,7.450980392,29,4.6875,4.6875,3.90625,0.78125,Normal,12.6,2.4,0.3024,Wallace B
2025-09-28T14:00:31.377500,2125.5,50,19.21568627,25.39,7.450980392,29,4.6875,4.6875,3.90625,0.78125,Normal,12.6,2.4,0.3024,Wallace B
2025-09-28T14:00:32.065702,2125.5,50,19.21568627,25.39,7.450980392,29,4.6875,4.6875,3.90625,0.78125,Normal,12.6,2.4,0.3024,Wallace B
2025-09-28T14:00:32.719384,2259.5,53,15.29411765,10.54,4.705882353,21,4.6875,4.6875,3.90625,0.78125,Normal,12.6,2.4,0.3024,Wallace B
2025-09-28T14:00:33.650962,2259.5,53,15.29411765,10.54,4.705882353,21,4.6875,4.6875,3.90625,0.78125,Normal,12.6,2.4,0.3024,Wallace B
2025-09-28T14:00:34.306060,2143.25,49,14.11764706,8.47,4.705882353,21,0,0,3.125,0,Normal,12.6,2.4,0.3024,Wallace B
2025-09-28T14:00:35.572254,2143.25,49,14.11764706,8.47,4.705882353,21,0,0,3.125,0,Normal,12.6,2.4,0.3024,Wallace B
2025-09-28T14:00:36.223791,1566.25,38,14.11764706,7.48,3.921568627,21,0,0,3.125,0,Normal,12.6,2.4,0.3024,Wallace B
2025-09-28T14:00:37.065116,1566.25,38,14.11764706,7.48,3.921568627,21,0,0,3.125,0,Normal,12.6,2.4,0.3024,Wallace B
2025-09-28T14:00:37.715521,2033.25,36,21.17647059,30.17,3.921568627,21,0,0,3.125,0,Normal,12.6,2.4,0.3024,Wallace B
2025-09-28T14:00:38.370571,2033.25,36,21.17647059,30.17,3.921568627,21,0,0,3.125,0,Normal,12.6,2.4,0.3024,Wallace B
2025-09-28T14:00:39.025636,2314.25,42,25.49019608,41.34,20.78431373,80,0,0,3.125,0,Normal,12.6,2.4,0.3024,Wallace B
2025-09-28T14:00:39.852292,2314.25,42,25.49019608,41.34,20.78431373,80,0,0,3.125,0,Normal,12.6,2.4,0.3024,Wallace B
2025-09-28T14:00:40.502634,2760,50,15.68627451,11.92,20.78431373,80,0,0,1.5625,1.5625,Normal,12.6,2.4,0.3024,Wallace B
2025-09-28T14:00:41.611983,2760,50,15.68627451,11.92,20.78431373,80,0,0,1.5625,1.5625,Normal,12.6,2.4,0.3024,Wallace B
2025-09-28T14:00:42.267024,2205.5,51,21.96078431,31.78,14.11764706,57,0,0,1.5625,1.5625,Normal,12.6,2.4,0.3024,Wallace B
2025-09-28T14:00:43.102652,2205.5,51,21.96078431,31.78,14.11764706,57,0,0,1.5625,1.5625,Normal,12.6,2.4,0.3024,Wallace B
2025-09-28T14:00:43.757742,2268.75,53,14.50980392,9.24,14.11764706,57,0,0,1.5625,1.5625,Normal,12.6,2.4,0.3024,Wallace B
2025-09-28T14:00:44.408855,2268.75,53,14.50980392,9.24,14.11764706,57,0,0,1.5625,1.5625,Normal,12.6,2.4,0.3024,Wallace B
2025-09-28T14:00:45.061557,2199.75,51,21.96078431,35.22,19.21568627,74,0,0,1.5625,1.5625,Normal,12.6,2.4,0.3024,Wallace B
2025-09-28T14:00:45.915729,2199.75,51,21.96078431,35.22,19.21568627,74,0,0,1.5625,1.5625,Normal,12.6,2.4,0.3024,Wallace B
2025-09-28T14:00:46.569227,2311.25,54,14.50980392,9.48,19.21568627,74,0,0,2.34375,1.5625,Normal,12.6,2.4,0.3024,Wallace B
2025-09-28T14:00:47.700816,2311.25,54,14.50980392,9.48,19.21568627,74,0,0,2.34375,1.5625,Normal,12.6,2.4,0.3024,Wallace B
2025-09-28T14:00:48.355907,2153.75,49,14.50980392,8.88,4.31372549,22,0,0,2.34375,1.5625,Normal,12.6,2.4,0.3024,Wallace B
2025-09-28T14:00:49.201325,2153.75,49,14.50980392,8.88,4.31372549,22,0,0,2.34375,1.5625,Normal,12.6,2.4,0.3024,Wallace B
2025-09-28T14:00:49.856259,1155,36,12.94117647,5.01,4.31372549,22,0,0,2.34375,1.5625,Normal,12.6,2.4,0.3024,Wallace B
2025-09-28T14:00:50.508542,1155,36,12.94117647,5.01,4.31372549,22,0,0,2.34375,1.5625,Normal,12.6,2.4,0.3024,Wallace B
2025-09-28T14:00:51.162215,1027,30,12.54901961,4.17,1.960784314,22,0,0,2.34375,1.5625,Normal,12.6,2.4,0.3024,Wallace B
2025-09-28T14:00:51.992298,1027,30,12.54901961,4.17,1.960784314,22,0,0,2.34375,1.5625,Normal,12.6,2.4,0.3024,Wallace B
2025-09-28T14:00:52.644756,2143.75,27,18.43137255,20.01,1.960784314,22,2.34375,1.5625,5.46875,0,Normal,12.6,2.4,0.3024,Wallace B
2025-09-28T14:00:53.745895,2143.75,27,18.43137255,20.01,1.960784314,22,2.34375,1.5625,5.46875,0,Normal,12.6,2.4,0.3024,Wallace B
2025-09-28T14:00:54.400972,2452.75,33,26.66666667,48.47,25.09803922,83,2.34375,1.5625,5.46875,0,Normal,12.6,2.4,0.3024,Wallace B
2025-09-28T14:00:55.239932,2452.75,33,26.66666667,48.47,25.09803922,83,2.34375,1.5625,5.46875,0,Normal,12.6,2.4,0.3024,Wallace B
2025-09-28T14:00:55.895012,3408,46,16.8627451,15.66,25.09803922,83,2.34375,1.5625,5.46875,0,Normal,12.6,2.4,0.3024,Wallace B
2025-09-28T14:00:56.547813,3408,46,16.8627451,15.66,25.09803922,83,2.34375,1.5625,5.46875,0,Normal,12.6,2.4,0.3024,Wallace B
2025-09-28T14:00:57.202480,2667.75,48,25.88235294,49.03,24.70588235,73,2.34375,1.5625,5.46875,0,Normal,12.6,2.4,0.3024,Wallace B
2025-09-28T14:00:58.048293,2667.75,48,25.88235294,49.03,24.70588235,73,2.34375,1.5625,5.46875,0,Normal,12.6,2.4,0.3024,Wallace B
2025-09-28T14:00:58.701865,2249.5,51,16.8627451,17.18,24.70588235,73,-1.5625,-9.375,1.5625,1.5625,Normal,12.6,2.4,0.3024,Wallace B
2025-09-28T14:00:59.817776,2249.5,51,16.8627451,17.18,24.70588235,73,-1.5625,-9.375,1.5625,1.5625,Normal,12.6,2.4,0.3024,Wallace B
2025-09-28T14:01:00.470205,2159.75,50,14.50980392,8.93,4.31372549,22,-1.5625,-9.375,1.5625,1.5625,Normal,12.6,2.4,0.3024,Wallace B
2025-09-28T14:01:01.295592,2159.75,50,14.50980392,8.93,4.31372549,22,-1.5625,-9.375,1.5625,1.5625,Normal,12.6,2.4,0.3024,Wallace B
2025-09-28T14:01:01.950628,1988.75,46,14.11764706,7.95,4.31372549,22,-1.5625,-9.375,1.5625,1.5625,Normal,12.6,2.4,0.3024,Wallace B
2025-09-28T14:01:02.605792,1988.75,46,14.11764706,7.95,4.31372549,22,-1.5625,-9.375,1.5625,1.5625,Normal,12.6,2.4,0.3024,Wallace B
2025-09-28T14:01:03.260881,1790,41,13.7254902,7.13,3.529411765,23,-1.5625,-9.375,1.5625,1.5625,Normal,12.6,2.4,0.3024,Wallace B
2025-09-28T14:01:04.096488,1790,41,13.7254902,7.13,3.529411765,23,-1.5625,-9.375,1.5625,1.5625,Normal,12.6,2.4,0.3024,Wallace B
2025-09-28T14:01:04.749445,1339,30,12.94117647,5.11,3.529411765,23,0,0,4.6875,1.5625,Normal,12.6,2.4,0.3024,Wallace B
2025-09-28T14:01:05.855047,1339,30,12.94117647,5.11,3.529411765,23,0,0,4.6875,1.5625,Normal,12.6,2.4,0.3024,Wallace B
2025-09-28T14:01:06.505541,794.25,9,12.15686275,3.65,1.960784314,27,0,0,4.6875,1.5625,Normal,12.6,2.4,0.3024,Wallace B
2025-09-28T14:01:07.337628,794.25,9,12.15686275,3.65,1.960784314,27,0,0,4.6875,1.5625,Normal,12.6,2.4,0.3024,Wallace B
2025-09-28T14:01:07.990466,803.75,0,12.15686275,3.79,1.960784314,27,0,0,4.6875,1.5625,Idle,12.6,2.4,0.3024,Wallace B
2025-09-28T14:01:08.644506,803.75,0,12.15686275,3.79,1.960784314,27,0,0,4.6875,1.5625,Idle,12.6,2.4,0.3024,Wallace B
2025-09-28T14:01:09.299553,786.25,0,12.15686275,3.75,1.960784314,27,0,0,4.6875,1.5625,Idle,12.6,2.4,0.3024,Wallace B
2025-09-28T14:01:10.152227,786.25,0,12.15686275,3.75,1.960784314,27,0,0,4.6875,1.5625,Idle,12.6,2.4,0.3024,Wallace B
2025-09-28T14:01:10.807318,769.5,0,12.15686275,3.66,1.960784314,27,-1.5625,3.125,12.5,1.5625,Idle,12.6,2.4,0.3024,Wallace B
2025-09-28T14:01:11.930337,769.5,0,12.15686275,3.66,1.960784314,27,-1.5625,3.125,12.5,1.5625,Idle,12.6,2.4,0.3024,Wallace B
2025-09-28T14:01:12.580401,1521.75,0,22.35294118,26.49,11.76470588,88,-1.5625,3.125,12.5,1.5625,Idle,12.6,2.4,0.3024,Wallace B
2025-09-28T14:01:13.415449,1521.75,0,22.35294118,26.49,11.76470588,88,-1.5625,3.125,12.5,1.5625,Idle,12.6,2.4,0.3024,Wallace B
2025-09-28T14:01:14.070544,1612.75,15,22.35294118,30.54,11.76470588,88,-1.5625,3.125,12.5,1.5625,Normal,12.6,2.4,0.3024,Wallace B
2025-09-28T14:01:14.725597,1612.75,15,22.35294118,30.54,11.76470588,88,-1.5625,3.125,12.5,1.5625,Normal,12.6,2.4,0.3024,Wallace B
2025-09-28T14:01:15.379752,2752.25,25,25.09803922,47.05,24.31372549,70,-1.5625,3.125,12.5,1.5625,Normal,12.6,2.4,0.3024,Wallace B
2025-09-28T14:01:16.233982,2752.25,25,25.09803922,47.05,24.31372549,70,-1.5625,3.125,12.5,1.5625,Normal,12.6,2.4,0.3024,Wallace B
2025-09-28T14:01:16.884800,3471.25,33,22.74509804,41.69,24.31372549,70,0,2.34375,4.6875,2.34375,Normal,12.6,2.4,0.3024,Wallace B
2025-09-28T14:01:17.989525,3471.25,33,22.74509804,41.69,24.31372549,70,0,2.34375,4.6875,2.34375,Normal,12.6,2.4,0.3024,Wallace B
2025-09-28T14:01:18.644668,3457,46,25.09803922,44.54,7.843137255,26,0,2.34375,4.6875,2.34375,Normal,12.6,2.4,0.3024,Wallace B
2025-09-28T14:01:19.483382,3457,46,25.09803922,44.54,7.843137255,26,0,2.34375,4.6875,2.34375,Normal,12.6,2.4,0.3024,Wallace B
2025-09-28T14:01:20.138455,2867.25,51,30.58823529,57.35,7.843137255,26,0,2.34375,4.6875,2.34375,Normal,12.6,2.4,0.3024,Wallace B
2025-09-28T14:01:20.793540,2867.25,51,30.58823529,57.35,7.843137255,26,0,2.34375,4.6875,2.34375,Normal,12.6,2.4,0.3024,Wallace B
2025-09-28T14:01:21.445330,3367.75,61,25.09803922,34.96,7.843137255,26,0,2.34375,4.6875,2.34375,Normal,12.6,2.4,0.3024,Wallace B
2025-09-28T14:01:22.288163,3367.75,61,25.09803922,34.96,7.843137255,26,0,2.34375,4.6875,2.34375,Normal,12.6,2.4,0.3024,Wallace B
2025-09-28T14:01:22.943258,2704.5,63,27.05882353,50.35,7.843137255,26,-2.34375,2.34375,2.34375,3.125,Normal,12.6,2.4,0.3024,Wallace B
2025-09-28T14:01:24.049229,2704.5,63,27.05882353,50.35,7.843137255,26,-2.34375,2.34375,2.34375,3.125,Normal,12.6,2.4,0.3024,Wallace B
2025-09-28T14:01:24.703901,2622.25,69,14.90196078,12.29,11.76470588,52,-2.34375,2.34375,2.34375,3.125,Normal,12.6,2.4,0.3024,Wallace B
2025-09-28T14:01:25.535520,2622.25,69,14.90196078,12.29,11.76470588,52,-2.34375,2.34375,2.34375,3.125,Normal,12.6,2.4,0.3024,Wallace B
2025-09-28T14:01:26.186285,2197.5,71,28.23529412,42.49,11.76470588,52,-2.34375,2.34375,2.34375,3.125,Normal,12.6,2.4,0.3024,Wallace B
2025-09-28T14:01:26.841336,2197.5,71,28.23529412,42.49,11.76470588,52,-2.34375,2.34375,2.34375,3.125,Normal,12.6,2.4,0.3024,Wallace B
2025-09-28T14:01:27.496819,1649,72,20.78431373,28.6,15.29411765,74,-2.34375,2.34375,2.34375,3.125,Normal,12.6,2.4,0.3024,Wallace B
2025-09-28T14:01:28.339984,1649,72,20.78431373,28.6,15.29411765,74,-2.34375,2.34375,2.34375,3.125,Normal,12.6,2.4,0.3024,Wallace B
2025-09-28T14:01:28.994914,1796.5,74,23.92156863,32.5,15.29411765,74,-0.78125,1.5625,0.78125,3.125,Normal,12.6,2.4,0.3024,Wallace B
2025-09-28T14:01:30.233656,1818.5,76,13.7254902,7.78,3.921568627,23,-0.78125,1.5625,0.78125,3.125,Normal,12.6,2.4,0.3024,Wallace B
2025-09-28T14:01:31.113166,1818.5,76,13.7254902,7.78,3.921568627,23,-0.78125,1.5625,0.78125,3.125,Normal,12.6,2.4,0.3024,Wallace B
2025-09-28T14:01:31.768248,1773.25,73,13.7254902,7.4,3.921568627,23,-0.78125,1.5625,0.78125,3.125,Normal,12.6,2.4,0.3024,Wallace B
2025-09-28T14:01:32.420930,1773.25,73,13.7254902,7.4,3.921568627,23,-0.78125,1.5625,0.78125,3.125,Normal,12.6,2.4,0.3024,Wallace B
2025-09-28T14:01:33.071451,1714.5,71,13.7254902,7.02,3.529411765,22,-0.78125,1.5625,0.78125,3.125,Normal,12.6,2.4,0.3024,Wallace B
2025-09-28T14:01:34.066193,1714.5,71,13.7254902,7.02,3.529411765,22,-0.78125,1.5625,0.78125,3.125,Normal,12.6,2.4,0.3024,Wallace B
2025-09-28T14:01:34.721303,1646.75,68,13.33333333,6.86,3.529411765,22,0,0,3.90625,0,Normal,12.6,2.4,0.3024,Wallace B
2025-09-28T14:01:35.990970,1558.75,64,13.33333333,6.37,3.137254902,22,0,0,3.90625,0,Normal,12.6,2.4,0.3024,Wallace B
2025-09-28T14:01:36.904782,1558.75,64,13.33333333,6.37,3.137254902,22,0,0,3.90625,0,Normal,12.6,2.4,0.3024,Wallace B
2025-09-28T14:01:37.559867,1376.25,56,12.94117647,5.48,3.137254902,22,0,0,3.90625,0,Normal,12.6,2.4,0.3024,Wallace B
2025-09-28T14:01:38.212895,1376.25,56,12.94117647,5.48,3.137254902,22,0,0,3.90625,0,Normal,12.6,2.4,0.3024,Wallace B
2025-09-28T14:01:38.867997,1216.75,50,12.54901961,4.88,1.960784314,22,0,0,3.90625,0,Normal,12.6,2.4,0.3024,Wallace B
2025-09-28T14:01:39.707859,1216.75,50,12.54901961,4.88,1.960784314,22,0,0,3.90625,0,Normal,12.6,2.4,0.3024,Wallace B
2025-09-28T14:01:40.360237,759.25,37,12.15686275,4.1,1.960784314,22,0,0,3.90625,0,Normal,12.6,2.4,0.3024,Wallace B
2025-09-28T14:01:41.015288,759.25,37,12.15686275,4.1,1.960784314,22,-6.25,-14.84375,9.375,1.5625,Normal,12.6,2.4,0.3024,Wallace B
2025-09-28T14:01:41.668771,713.25,24,12.15686275,4.02,1.960784314,31,-6.25,-14.84375,9.375,1.5625,Normal,12.6,2.4,0.3024,Wallace B
2025-09-28T14:01:42.495826,713.25,24,12.15686275,4.02,1.960784314,31,-6.25,-14.84375,9.375,1.5625,Normal,12.6,2.4,0.3024,Wallace B
2025-09-28T14:01:43.149156,839,12,12.15686275,3.69,1.960784314,31,-6.25,-14.84375,9.375,1.5625,Normal,12.6,2.4,0.3024,Wallace B
2025-09-28T14:01:43.804207,839,12,12.15686275,3.69,1.960784314,31,-6.25,-14.84375,9.375,1.5625,Normal,12.6,2.4,0.3024,Wallace B
2025-09-28T14:01:44.454283,789.25,4,14.11764706,8.16,5.882352941,50,-6.25,-14.84375,9.375,1.5625,Normal,12.6,2.4,0.3024,Wallace B
2025-09-28T14:01:45.283800,789.25,4,14.11764706,8.16,5.882352941,50,-6.25,-14.84375,9.375,1.5625,Normal,12.6,2.4,0.3024,Wallace B
2025-09-28T14:01:45.938876,1246.75,12,19.21568627,21.71,5.882352941,50,-6.25,-14.84375,9.375,1.5625,Normal,12.6,2.4,0.3024,Wallace B
2025-09-28T14:01:46.593017,1246.75,12,19.21568627,21.71,5.882352941,50,-2.34375,9.375,8.59375,0,Normal,12.6,2.4,0.3024,Wallace B
2025-09-28T14:01:47.248058,2624.5,23,24.31372549,40.41,19.60784314,49,-2.34375,9.375,8.59375,0,Normal,12.6,2.4,0.3024,Wallace B
2025-09-28T14:01:48.081175,2624.5,23,24.31372549,40.41,19.60784314,49,-2.34375,9.375,8.59375,0,Normal,12.6,2.4,0.3024,Wallace B
2025-09-28T14:01:48.736244,2410.25,29,22.35294118,36.72,19.60784314,49,-2.34375,9.375,8.59375,0,Normal,12.6,2.4,0.3024,Wallace B
2025-09-28T14:01:49.391291,2410.25,29,22.35294118,36.72,19.60784314,49,-2.34375,9.375,8.59375,0,Normal,12.6,2.4,0.3024,Wallace B
2025-09-28T14:01:50.044172,2759,38,29.01960784,54.68,27.45098039,78,-2.34375,9.375,8.59375,0,Normal,12.6,2.4,0.3024,Wallace B
2025-09-28T14:01:50.881927,2759,38,29.01960784,54.68,27.45098039,78,-2.34375,9.375,8.59375,0,Normal,12.6,2.4,0.3024,Wallace B
2025-09-28T14:01:51.536967,2823.5,44,16.47058824,17.6,27.45098039,78,-2.34375,9.375,8.59375,0,Normal,12.6,2.4,0.3024,Wallace B
2025-09-28T14:01:52.192038,2823.5,44,16.47058824,17.6,27.45098039,78,0,2.34375,3.90625,2.34375,Normal,12.6,2.4,0.3024,Wallace B
2025-09-28T14:01:52.844126,2637.25,47,24.70588235,36.81,17.25490196,60,0,2.34375,3.90625,2.34375,Normal,12.6,2.4,0.3024,Wallace B
2025-09-28T14:01:53.675540,2637.25,47,24.70588235,36.81,17.25490196,60,0,2.34375,3.90625,2.34375,Normal,12.6,2.4,0.3024,Wallace B
2025-09-28T14:01:54.327601,2850.75,51,15.68627451,11.93,17.25490196,60,0,2.34375,3.90625,2.34375,Normal,12.6,2.4,0.3024,Wallace B
2025-09-28T14:01:54.979903,2850.75,51,15.68627451,11.93,17.25490196,60,0,2.34375,3.90625,2.34375,Normal,12.6,2.4,0.3024,Wallace B
2025-09-28T14:01:55.634599,2130.5,49,14.11764706,8.77,4.31372549,22,0,2.34375,3.90625,2.34375,Normal,12.6,2.4,0.3024,Wallace B
2025-09-28T14:01:56.470057,2130.5,49,14.11764706,8.77,4.31372549,22,0,2.34375,3.90625,2.34375,Normal,12.6,2.4,0.3024,Wallace B
2025-09-28T14:01:57.125150,2060.5,48,22.35294118,32.32,4.31372549,22,0,2.34375,3.90625,2.34375,Normal,12.6,2.4,0.3024,Wallace B
2025-09-28T14:01:57.777482,2060.5,48,22.35294118,32.32,4.31372549,22,1.5625,8.59375,3.125,2.34375,Normal,12.6,2.4,0.3024,Wallace B
2025-09-28T14:01:58.428069,2269.5,53,24.70588235,38.54,19.21568627,80,1.5625,8.59375,3.125,2.34375,Normal,12.6,2.4,0.3024,Wallace B
2025-09-28T14:01:59.255687,2269.5,53,24.70588235,38.54,19.21568627,80,1.5625,8.59375,3.125,2.34375,Normal,12.6,2.4,0.3024,Wallace B
2025-09-28T14:01:59.910092,2244.5,56,14.50980392,9.21,19.21568627,80,1.5625,8.59375,3.125,2.34375,Normal,12.6,2.4,0.3024,Wallace B
2025-09-28T14:02:00.564648,2244.5,56,14.50980392,9.21,19.21568627,80,1.5625,8.59375,3.125,2.34375,Normal,12.6,2.4,0.3024,Wallace B
2025-09-28T14:02:01.219751,1752.75,56,21.56862745,29.12,14.50980392,73,1.5625,8.59375,3.125,2.34375,Normal,12.6,2.4,0.3024,Wallace B
2025-09-28T14:02:02.046004,1752.75,56,21.56862745,29.12,14.50980392,73,1.5625,8.59375,3.125,2.34375,Normal,12.6,2.4,0.3024,Wallace B
2025-09-28T14:02:02.701075,1830,59,18.03921569,18.7,14.50980392,73,1.5625,8.59375,3.125,2.34375,Normal,12.6,2.4,0.3024,Wallace B
2025-09-28T14:02:03.356120,1830,59,18.03921569,18.7,14.50980392,73,0.78125,0.78125,1.5625,2.34375,Passive,12.6,2.4,0.3024,Wallace B
2025-09-28T14:02:04.011231,1860.25,60,20,26.49,13.33333333,47,0.78125,0.78125,1.5625,2.34375,Passive,12.6,2.4,0.3024,Wallace B
2025-09-28T14:02:04.868703,1860.25,60,20,26.49,13.33333333,47,0.78125,0.78125,1.5625,2.34375,Passive,12.6,2.4,0.3024,Wallace B
2025-09-28T14:02:05.523750,1849.5,59,14.90196078,10.45,13.33333333,47,0.78125,0.78125,1.5625,2.34375,Passive,12.6,2.4,0.3024,Wallace B
2025-09-28T14:02:06.178203,1849.5,59,14.90196078,10.45,13.33333333,47,0.78125,0.78125,1.5625,2.34375,Passive,12.6,2.4,0.3024,Wallace B
2025-09-28T14:02:06.830098,1823,59,17.64705882,17.84,9.019607843,44,0.78125,0.78125,1.5625,2.34375,Passive,12.6,2.4,0.3024,Wallace B
2025-09-28T14:02:07.685537,1823,59,17.64705882,17.84,9.019607843,44,0.78125,0.78125,1.5625,2.34375,Passive,12.6,2.4,0.3024,Wallace B
2025-09-28T14:02:08.340677,1829,59,18.03921569,18.29,9.019607843,44,0.78125,0.78125,1.5625,2.34375,Passive,12.6,2.4,0.3024,Wallace B
2025-09-28T14:02:08.993983,1829,59,18.03921569,18.29,9.019607843,44,-0.78125,-1.5625,1.5625,0.78125,Passive,12.6,2.4,0.3024,Wallace B
2025-09-28T14:02:09.649009,1834.25,59,17.64705882,18.97,8.62745098,44,-0.78125,-1.5625,1.5625,0.78125,Passive,12.6,2.4,0.3024,Wallace B
2025-09-28T14:02:10.482204,1834.25,59,17.64705882,18.97,8.62745098,44,-0.78125,-1.5625,1.5625,0.78125,Passive,12.6,2.4,0.3024,Wallace B
2025-09-28T14:02:11.134438,1841.25,59,18.03921569,18.25,8.62745098,44,-0.78125,-1.5625,1.5625,0.78125,Passive,12.6,2.4,0.3024,Wallace B
2025-09-28T14:02:11.784976,1841.25,59,18.03921569,18.25,8.62745098,44,-0.78125,-1.5625,1.5625,0.78125,Passive,12.6,2.4,0.3024,Wallace B
2025-09-28T14:02:12.438738,1854.25,59,18.43137255,20.75,10.19607843,50,-0.78125,-1.5625,1.5625,0.78125,Passive,12.6,2.4,0.3024,Wallace B
2025-09-28T14:02:13.275680,1854.25,59,18.43137255,20.75,10.19607843,50,-0.78125,-1.5625,1.5625,0.78125,Passive,12.6,2.4,0.3024,Wallace B
2025-09-28T14:02:13.929477,1848.5,59,18.82352941,21.48,10.19607843,50,-0.78125,-1.5625,1.5625,0.78125,Passive,12.6,2.4,0.3024,Wallace B
2025-09-28T14:02:14.580174,1848.5,59,18.82352941,21.48,10.19607843,50,-2.34375,-0.78125,1.5625,0,Passive,12.6,2.4,0.3024,Wallace B
2025-09-28T14:02:15.235203,1848.25,60,18.82352941,21.5,10.58823529,51,-2.34375,-0.78125,1.5625,0,Passive,12.6,2.4,0.3024,Wallace B
2025-09-28T14:02:16.064611,1848.25,60,18.82352941,21.5,10.58823529,51,-2.34375,-0.78125,1.5625,0,Passive,12.6,2.4,0.3024,Wallace B
2025-09-28T14:02:16.716280,1854.75,60,18.82352941,22.09,10.58823529,51,-2.34375,-0.78125,1.5625,0,Passive,12.6,2.4,0.3024,Wallace B
2025-09-28T14:02:17.367344,1854.75,60,18.82352941,22.09,10.58823529,51,-2.34375,-0.78125,1.5625,0,Passive,12.6,2.4,0.3024,Wallace B
2025-09-28T14:02:18.022418,1870.75,60,18.82352941,21.84,10.98039216,51,-2.34375,-0.78125,1.5625,0,Passive,12.6,2.4,0.3024,Wallace B
2025-09-28T14:02:18.844187,1870.75,60,18.82352941,21.84,10.98039216,51,-2.34375,-0.78125,1.5625,0,Passive,12.6,2.4,0.3024,Wallace B
2025-09-28T14:02:19.497195,1892.25,61,18.43137255,21.36,10.98039216,51,-2.34375,-0.78125,1.5625,0,Passive,12.6,2.4,0.3024,Wallace B
2025-09-28T14:02:20.147330,1892.25,61,18.43137255,21.36,10.98039216,51,-3.125,-0.78125,1.5625,0,Passive,12.6,2.4,0.3024,Wallace B
2025-09-28T14:02:20.802371,1876,61,18.03921569,19.84,9.411764706,45,-3.125,-0.78125,1.5625,0,Passive,12.6,2.4,0.3024,Wallace B
2025-09-28T14:02:21.638000,1876,61,18.03921569,19.84,9.411764706,45,-3.125,-0.78125,1.5625,0,Passive,12.6,2.4,0.3024,Wallace B
2025-09-28T14:02:22.293099,1879.75,61,18.03921569,19.36,9.411764706,45,-3.125,-0.78125,1.5625,0,Passive,12.6,2.4,0.3024,Wallace B
2025-09-28T14:02:22.948200,1879.75,61,18.03921569,19.36,9.411764706,45,-3.125,-0.78125,1.5625,0,Passive,12.6,2.4,0.3024,Wallace B
2025-09-28T14:02:23.602752,1868.75,60,18.03921569,19.86,9.803921569,47,-3.125,-0.78125,1.5625,0,Passive,12.6,2.4,0.3024,Wallace B
2025-09-28T14:02:24.442058,1868.75,60,18.03921569,19.86,9.803921569,47,-3.125,-0.78125,1.5625,0,Passive,12.6,2.4,0.3024,Wallace B
2025-09-28T14:02:25.093763,1841.25,59,21.17647059,32.23,9.803921569,47,-3.125,-0.78125,1.5625,0,Passive,12.6,2.4,0.3024,Wallace B
2025-09-28T14:02:25.748808,1841.25,59,21.17647059,32.23,9.803921569,47,0.78125,5.46875,0.78125,0.78125,Passive,12.6,2.4,0.3024,Wallace B
2025-09-28T14:02:26.403915,1840.5,59,22.35294118,30.14,14.11764706,77,0.78125,5.46875,0.78125,0.78125,Passive,12.6,2.4,0.3024,Wallace B
2025-09-28T14:02:27.242764,1840.5,59,22.35294118,30.14,14.11764706,77,0.78125,5.46875,0.78125,0.78125,Passive,12.6,2.4,0.3024,Wallace B
2025-09-28T14:02:27.893707,1854.25,59,21.96078431,29.63,14.11764706,77,0.78125,5.46875,0.78125,0.78125,Passive,12.6,2.4,0.3024,Wallace B
2025-09-28T14:02:28.544171,1854.25,59,21.96078431,29.63,14.11764706,77,0.78125,5.46875,0.78125,0.78125,Passive,12.6,2.4,0.3024,Wallace B
2025-09-28T14:02:29.199265,1873.25,61,20.78431373,25.46,13.33333333,62,0.78125,5.46875,0.78125,0.78125,Passive,12.6,2.4,0.3024,Wallace B
2025-09-28T14:02:30.038959,1873.25,61,20.78431373,25.46,13.33333333,62,0.78125,5.46875,0.78125,0.78125,Passive,12.6,2.4,0.3024,Wallace B
2025-09-28T14:02:30.693782,1907.75,61,16.07843137,12.05,13.33333333,62,0.78125,5.46875,0.78125,0.78125,Passive,12.6,2.4,0.3024,Wallace B
2025-09-28T14:02:31.344863,1907.75,61,16.07843137,12.05,13.33333333,62,0,0,1.5625,2.34375,Passive,12.6,2.4,0.3024,Wallace B
2025-09-28T14:02:31.999914,1848.75,60,13.7254902,7.63,3.529411765,22,0,0,1.5625,2.34375,Passive,12.6,2.4,0.3024,Wallace B
2025-09-28T14:02:32.827829,1848.75,60,13.7254902,7.63,3.529411765,22,0,0,1.5625,2.34375,Passive,12.6,2.4,0.3024,Wallace B
2025-09-28T14:02:33.482953,1689.5,54,13.7254902,7.08,3.529411765,22,0,0,1.5625,2.34375,Passive,12.6,2.4,0.3024,Wallace B
2025-09-28T14:02:34.138024,1689.5,54,13.7254902,7.08,3.529411765,22,0,0,1.5625,2.34375,Passive,12.6,2.4,0.3024,Wallace B
2025-09-28T14:02:34.793125,1453.5,46,12.94117647,5.79,2.745098039,23,0,0,1.5625,2.34375,Passive,12.6,2.4,0.3024,Wallace B
2025-09-28T14:02:35.616941,1453.5,46,12.94117647,5.79,2.745098039,23,0,0,1.5625,2.34375,Passive,12.6,2.4,0.3024,Wallace B
2025-09-28T14:02:36.271742,925.5,29,12.15686275,3.76,2.745098039,23,0,0,1.5625,2.34375,Passive,12.6,2.4,0.3024,Wallace B
2025-09-28T14:02:36.925903,925.5,29,12.15686275,3.76,2.745098039,23,0,0,6.25,1.5625,Passive,12.6,2.4,0.3024,Wallace B
2025-09-28T14:02:37.576993,864,13,12.15686275,3.64,1.960784314,29,0,0,6.25,1.5625,Passive,12.6,2.4,0.3024,Wallace B
2025-09-28T14:02:38.403747,864,13,12.15686275,3.64,1.960784314,29,0,0,6.25,1.5625,Passive,12.6,2.4,0.3024,Wallace B
2025-09-28T14:02:39.058308,912.25,0,12.15686275,3.94,1.960784314,29,0,0,6.25,1.5625,Idle,12.6,2.4,0.3024,Wallace B
2025-09-28T14:02:39.712645,912.25,0,12.15686275,3.94,1.960784314,29,0,0,6.25,1.5625,Idle,12.6,2.4,0.3024,Wallace B
2025-09-28T14:02:40.365049,804.75,0,12.15686275,3.59,1.960784314,27,0,0,6.25,1.5625,Idle,12.6,2.4,0.3024,Wallace B
2025-09-28T14:02:41.192938,804.75,0,12.15686275,3.59,1.960784314,27,0,0,6.25,1.5625,Idle,12.6,2.4,0.3024,Wallace B
2025-09-28T14:02:41.843570,790.75,0,12.15686275,3.48,1.960784314,27,0,0,6.25,1.5625,Idle,12.6,2.4,0.3024,Wallace B
2025-09-28T14:02:42.498628,790.75,0,12.15686275,3.48,1.960784314,27,0,-3.125,12.5,1.5625,Idle,12.6,2.4,0.3024,Wallace B
2025-09-28T14:02:43.150483,746.75,0,12.15686275,3.61,1.960784314,27,0,-3.125,12.5,1.5625,Idle,12.6,2.4,0.3024,Wallace B
2025-09-28T14:02:43.980502,746.75,0,12.15686275,3.61,1.960784314,27,0,-3.125,12.5,1.5625,Idle,12.6,2.4,0.3024,Wallace B
2025-09-28T14:02:44.635614,745.5,0,12.15686275,3.6,1.960784314,27,0,-3.125,12.5,1.5625,Idle,12.6,2.4,0.3024,Wallace B
2025-09-28T14:02:45.289240,745.5,0,12.15686275,3.6,1.960784314,27,0,-3.125,12.5,1.5625,Idle,12.6,2.4,0.3024,Wallace B